[2026-03-09 09:03:44] local.ERROR: Database file at path [sheena_db] does not exist. Ensure this is an absolute path to the database. (Connection: sqlite, Database: sheena_db, SQL: select exists (select 1 from "main".sqlite_master where name = 'migrations' and type = 'table') as "exists") {"exception":"[object] (Illuminate\\Database\\QueryException(code: 0): Database file at path [sheena_db] does not exist. Ensure this is an absolute path to the database. (Connection: sqlite, Database: sheena_db, SQL: select exists (select 1 from \"main\".sqlite_master where name = 'migrations' and type = 'table') as \"exists\") at D:/Teknologi Rekayasa Perangkat Lunak/Semester 6/Proyek Pengembangan Perangkat Lunak/Project/webcode/sheena-backend/vendor/laravel/framework/src/Illuminate/Database/Connection.php:838)
[stacktrace]
#0 D:/Teknologi Rekayasa Perangkat Lunak/Semester 6/Proyek Pengembangan Perangkat Lunak/Project/webcode/sheena-backend/vendor/laravel/framework/src/Illuminate/Database/Connection.php(794): Illuminate/Database/Connection->runQueryCallback('select exists (...', Array, Object(Closure))
#1 D:/Teknologi Rekayasa Perangkat Lunak/Semester 6/Proyek Pengembangan Perangkat Lunak/Project/webcode/sheena-backend/vendor/laravel/framework/src/Illuminate/Database/Connection.php(411): Illuminate/Database/Connection->run('select exists (...', Array, Object(Closure))
#2 D:/Teknologi Rekayasa Perangkat Lunak/Semester 6/Proyek Pengembangan Perangkat Lunak/Project/webcode/sheena-backend/vendor/laravel/framework/src/Illuminate/Database/Connection.php(357): Illuminate/Database/Connection->select('select exists (...', Array, true)
#3 D:/Teknologi Rekayasa Perangkat Lunak/Semester 6/Proyek Pengembangan Perangkat Lunak/Project/webcode/sheena-backend/vendor/laravel/framework/src/Illuminate/Database/Connection.php(374): Illuminate/Database/Connection->selectOne('select exists (...', Array, true)
#4 D:/Teknologi Rekayasa Perangkat Lunak/Semester 6/Proyek Pengembangan Perangkat Lunak/Project/webcode/sheena-backend/vendor/laravel/framework/src/Illuminate/Database/Schema/Builder.php(176): Illuminate/Database/Connection->scalar('select exists (...')
#5 D:/Teknologi Rekayasa Perangkat Lunak/Semester 6/Proyek Pengembangan Perangkat Lunak/Project/webcode/sheena-backend/vendor/laravel/framework/src/Illuminate/Database/Migrations/DatabaseMigrationRepository.php(185): Illuminate/Database/Schema/Builder->hasTable('migrations')
#6 D:/Teknologi Rekayasa Perangkat Lunak/Semester 6/Proyek Pengembangan Perangkat Lunak/Project/webcode/sheena-backend/vendor/laravel/framework/src/Illuminate/Database/Migrations/Migrator.php(758): Illuminate/Database/Migrations/DatabaseMigrationRepository->repositoryExists()
#7 D:/Teknologi Rekayasa Perangkat Lunak/Semester 6/Proyek Pengembangan Perangkat Lunak/Project/webcode/sheena-backend/vendor/laravel/framework/src/Illuminate/Database/Console/Migrations/MigrateCommand.php(164): Illuminate/Database/Migrations/Migrator->repositoryExists()
#8 D:/Teknologi Rekayasa Perangkat Lunak/Semester 6/Proyek Pengembangan Perangkat Lunak/Project/webcode/sheena-backend/vendor/laravel/framework/src/Illuminate/Support/helpers.php(327): Illuminate/Database/Console/Migrations/MigrateCommand->Illuminate/Database/Console/Migrations/{closure}(1)
#9 D:/Teknologi Rekayasa Perangkat Lunak/Semester 6/Proyek Pengembangan Perangkat Lunak/Project/webcode/sheena-backend/vendor/laravel/framework/src/Illuminate/Database/Console/Migrations/MigrateCommand.php(164): retry(1, Object(Closure), 0, Object(Closure))
#10 D:/Teknologi Rekayasa Perangkat Lunak/Semester 6/Proyek Pengembangan Perangkat Lunak/Project/webcode/sheena-backend/vendor/laravel/framework/src/Illuminate/Database/Console/Migrations/MigrateCommand.php(140): Illuminate/Database/Console/Migrations/MigrateCommand->repositoryExists()
#11 D:/Teknologi Rekayasa Perangkat Lunak/Semester 6/Proyek Pengembangan Perangkat Lunak/Project/webcode/sheena-backend/vendor/laravel/framework/src/Illuminate/Database/Console/Migrations/MigrateCommand.php(110): Illuminate/Database/Console/Migrations/MigrateCommand->prepareDatabase()
#12 D:/Teknologi Rekayasa Perangkat Lunak/Semester 6/Proyek Pengembangan Perangkat Lunak/Project/webcode/sheena-backend/vendor/laravel/framework/src/Illuminate/Database/Migrations/Migrator.php(671): Illuminate/Database/Console/Migrations/MigrateCommand->Illuminate/Database/Console/Migrations/{closure}()
#13 D:/Teknologi Rekayasa Perangkat Lunak/Semester 6/Proyek Pengembangan Perangkat Lunak/Project/webcode/sheena-backend/vendor/laravel/framework/src/Illuminate/Database/Console/Migrations/MigrateCommand.php(109): Illuminate/Database/Migrations/Migrator->usingConnection(NULL, Object(Closure))
#14 D:/Teknologi Rekayasa Perangkat Lunak/Semester 6/Proyek Pengembangan Perangkat Lunak/Project/webcode/sheena-backend/vendor/laravel/framework/src/Illuminate/Database/Console/Migrations/MigrateCommand.php(88): Illuminate/Database/Console/Migrations/MigrateCommand->runMigrations()
#15 D:/Teknologi Rekayasa Perangkat Lunak/Semester 6/Proyek Pengembangan Perangkat Lunak/Project/webcode/sheena-backend/vendor/laravel/framework/src/Illuminate/Container/BoundMethod.php(36): Illuminate/Database/Console/Migrations/MigrateCommand->handle()
#16 D:/Teknologi Rekayasa Perangkat Lunak/Semester 6/Proyek Pengembangan Perangkat Lunak/Project/webcode/sheena-backend/vendor/laravel/framework/src/Illuminate/Container/Util.php(43): Illuminate/Container/BoundMethod::Illuminate/Container/{closure}()
#17 D:/Teknologi Rekayasa Perangkat Lunak/Semester 6/Proyek Pengembangan Perangkat Lunak/Project/webcode/sheena-backend/vendor/laravel/framework/src/Illuminate/Container/BoundMethod.php(96): Illuminate/Container/Util::unwrapIfClosure(Object(Closure))
#18 D:/Teknologi Rekayasa Perangkat Lunak/Semester 6/Proyek Pengembangan Perangkat Lunak/Project/webcode/sheena-backend/vendor/laravel/framework/src/Illuminate/Container/BoundMethod.php(35): Illuminate/Container/BoundMethod::callBoundMethod(Object(Illuminate/Foundation/Application), Array, Object(Closure))
#19 D:/Teknologi Rekayasa Perangkat Lunak/Semester 6/Proyek Pengembangan Perangkat Lunak/Project/webcode/sheena-backend/vendor/laravel/framework/src/Illuminate/Container/Container.php(799): Illuminate/Container/BoundMethod::call(Object(Illuminate/Foundation/Application), Array, Array, NULL)
#20 D:/Teknologi Rekayasa Perangkat Lunak/Semester 6/Proyek Pengembangan Perangkat Lunak/Project/webcode/sheena-backend/vendor/laravel/framework/src/Illuminate/Console/Command.php(211): Illuminate/Container/Container->call(Array)
#21 D:/Teknologi Rekayasa Perangkat Lunak/Semester 6/Proyek Pengembangan Perangkat Lunak/Project/webcode/sheena-backend/vendor/symfony/console/Command/Command.php(341): Illuminate/Console/Command->execute(Object(Symfony/Component/Console/Input/ArgvInput), Object(Illuminate/Console/OutputStyle))
#22 D:/Teknologi Rekayasa Perangkat Lunak/Semester 6/Proyek Pengembangan Perangkat Lunak/Project/webcode/sheena-backend/vendor/laravel/framework/src/Illuminate/Console/Command.php(180): Symfony/Component/Console/Command/Command->run(Object(Symfony/Component/Console/Input/ArgvInput), Object(Illuminate/Console/OutputStyle))
#23 D:/Teknologi Rekayasa Perangkat Lunak/Semester 6/Proyek Pengembangan Perangkat Lunak/Project/webcode/sheena-backend/vendor/symfony/console/Application.php(1117): Illuminate/Console/Command->run(Object(Symfony/Component/Console/Input/ArgvInput), Object(Symfony/Component/Console/Output/ConsoleOutput))
#24 D:/Teknologi Rekayasa Perangkat Lunak/Semester 6/Proyek Pengembangan Perangkat Lunak/Project/webcode/sheena-backend/vendor/symfony/console/Application.php(356): Symfony/Component/Console/Application->doRunCommand(Object(Illuminate/Database/Console/Migrations/MigrateCommand), Object(Symfony/Component/Console/Input/ArgvInput), Object(Symfony/Component/Console/Output/ConsoleOutput))
#25 D:/Teknologi Rekayasa Perangkat Lunak/Semester 6/Proyek Pengembangan Perangkat Lunak/Project/webcode/sheena-backend/vendor/symfony/console/Application.php(195): Symfony/Component/Console/Application->doRun(Object(Symfony/Component/Console/Input/ArgvInput), Object(Symfony/Component/Console/Output/ConsoleOutput))
#26 D:/Teknologi Rekayasa Perangkat Lunak/Semester 6/Proyek Pengembangan Perangkat Lunak/Project/webcode/sheena-backend/vendor/laravel/framework/src/Illuminate/Foundation/Console/Kernel.php(198): Symfony/Component/Console/Application->run(Object(Symfony/Component/Console/Input/ArgvInput), Object(Symfony/Component/Console/Output/ConsoleOutput))
#27 D:/Teknologi Rekayasa Perangkat Lunak/Semester 6/Proyek Pengembangan Perangkat Lunak/Project/webcode/sheena-backend/vendor/laravel/framework/src/Illuminate/Foundation/Application.php(1235): Illuminate/Foundation/Console/Kernel->handle(Object(Symfony/Component/Console/Input/ArgvInput), Object(Symfony/Component/Console/Output/ConsoleOutput))
#28 D:/Teknologi Rekayasa Perangkat Lunak/Semester 6/Proyek Pengembangan Perangkat Lunak/Project/webcode/sheena-backend/artisan(16): Illuminate/Foundation/Application->handleCommand(Object(Symfony/Component/Console/Input/ArgvInput))
#29 {main}

[previous exception] [object] (Illuminate\\Database\\SQLiteDatabaseDoesNotExistException(code: 0): Database file at path [sheena_db] does not exist. Ensure this is an absolute path to the database. at D:/Teknologi Rekayasa Perangkat Lunak/Semester 6/Proyek Pengembangan Perangkat Lunak/Project/webcode/sheena-backend/vendor/laravel/framework/src/Illuminate/Database/Connectors/SQLiteConnector.php:60)
[stacktrace]
#0 D:/Teknologi Rekayasa Perangkat Lunak/Semester 6/Proyek Pengembangan Perangkat Lunak/Project/webcode/sheena-backend/vendor/laravel/framework/src/Illuminate/Database/Connectors/SQLiteConnector.php(19): Illuminate/Database/Connectors/SQLiteConnector->parseDatabasePath(false)
#1 D:/Teknologi Rekayasa Perangkat Lunak/Semester 6/Proyek Pengembangan Perangkat Lunak/Project/webcode/sheena-backend/vendor/laravel/framework/src/Illuminate/Database/Connectors/ConnectionFactory.php(225): Illuminate/Database/Connectors/SQLiteConnector->connect(Array)
#2 [internal function]: Illuminate/Database/Connectors/ConnectionFactory->Illuminate/Database/Connectors/{closure}()
#3 D:/Teknologi Rekayasa Perangkat Lunak/Semester 6/Proyek Pengembangan Perangkat Lunak/Project/webcode/sheena-backend/vendor/laravel/framework/src/Illuminate/Database/Connection.php(1257): call_user_func(Object(Closure))
#4 D:/Teknologi Rekayasa Perangkat Lunak/Semester 6/Proyek Pengembangan Perangkat Lunak/Project/webcode/sheena-backend/vendor/laravel/framework/src/Illuminate/Database/Connection.php(1295): Illuminate/Database/Connection->getPdo()
#5 D:/Teknologi Rekayasa Perangkat Lunak/Semester 6/Proyek Pengembangan Perangkat Lunak/Project/webcode/sheena-backend/vendor/laravel/framework/src/Illuminate/Database/Connection.php(525): Illuminate/Database/Connection->getReadPdo()
#6 D:/Teknologi Rekayasa Perangkat Lunak/Semester 6/Proyek Pengembangan Perangkat Lunak/Project/webcode/sheena-backend/vendor/laravel/framework/src/Illuminate/Database/Connection.php(420): Illuminate/Database/Connection->getPdoForSelect(true)
#7 D:/Teknologi Rekayasa Perangkat Lunak/Semester 6/Proyek Pengembangan Perangkat Lunak/Project/webcode/sheena-backend/vendor/laravel/framework/src/Illuminate/Database/Connection.php(827): Illuminate/Database/Connection->Illuminate/Database/{closure}('select exists (...', Array)
#8 D:/Teknologi Rekayasa Perangkat Lunak/Semester 6/Proyek Pengembangan Perangkat Lunak/Project/webcode/sheena-backend/vendor/laravel/framework/src/Illuminate/Database/Connection.php(794): Illuminate/Database/Connection->runQueryCallback('select exists (...', Array, Object(Closure))
#9 D:/Teknologi Rekayasa Perangkat Lunak/Semester 6/Proyek Pengembangan Perangkat Lunak/Project/webcode/sheena-backend/vendor/laravel/framework/src/Illuminate/Database/Connection.php(411): Illuminate/Database/Connection->run('select exists (...', Array, Object(Closure))
#10 D:/Teknologi Rekayasa Perangkat Lunak/Semester 6/Proyek Pengembangan Perangkat Lunak/Project/webcode/sheena-backend/vendor/laravel/framework/src/Illuminate/Database/Connection.php(357): Illuminate/Database/Connection->select('select exists (...', Array, true)
#11 D:/Teknologi Rekayasa Perangkat Lunak/Semester 6/Proyek Pengembangan Perangkat Lunak/Project/webcode/sheena-backend/vendor/laravel/framework/src/Illuminate/Database/Connection.php(374): Illuminate/Database/Connection->selectOne('select exists (...', Array, true)
#12 D:/Teknologi Rekayasa Perangkat Lunak/Semester 6/Proyek Pengembangan Perangkat Lunak/Project/webcode/sheena-backend/vendor/laravel/framework/src/Illuminate/Database/Schema/Builder.php(176): Illuminate/Database/Connection->scalar('select exists (...')
#13 D:/Teknologi Rekayasa Perangkat Lunak/Semester 6/Proyek Pengembangan Perangkat Lunak/Project/webcode/sheena-backend/vendor/laravel/framework/src/Illuminate/Database/Migrations/DatabaseMigrationRepository.php(185): Illuminate/Database/Schema/Builder->hasTable('migrations')
#14 D:/Teknologi Rekayasa Perangkat Lunak/Semester 6/Proyek Pengembangan Perangkat Lunak/Project/webcode/sheena-backend/vendor/laravel/framework/src/Illuminate/Database/Migrations/Migrator.php(758): Illuminate/Database/Migrations/DatabaseMigrationRepository->repositoryExists()
#15 D:/Teknologi Rekayasa Perangkat Lunak/Semester 6/Proyek Pengembangan Perangkat Lunak/Project/webcode/sheena-backend/vendor/laravel/framework/src/Illuminate/Database/Console/Migrations/MigrateCommand.php(164): Illuminate/Database/Migrations/Migrator->repositoryExists()
#16 D:/Teknologi Rekayasa Perangkat Lunak/Semester 6/Proyek Pengembangan Perangkat Lunak/Project/webcode/sheena-backend/vendor/laravel/framework/src/Illuminate/Support/helpers.php(327): Illuminate/Database/Console/Migrations/MigrateCommand->Illuminate/Database/Console/Migrations/{closure}(1)
#17 D:/Teknologi Rekayasa Perangkat Lunak/Semester 6/Proyek Pengembangan Perangkat Lunak/Project/webcode/sheena-backend/vendor/laravel/framework/src/Illuminate/Database/Console/Migrations/MigrateCommand.php(164): retry(1, Object(Closure), 0, Object(Closure))
#18 D:/Teknologi Rekayasa Perangkat Lunak/Semester 6/Proyek Pengembangan Perangkat Lunak/Project/webcode/sheena-backend/vendor/laravel/framework/src/Illuminate/Database/Console/Migrations/MigrateCommand.php(140): Illuminate/Database/Console/Migrations/MigrateCommand->repositoryExists()
#19 D:/Teknologi Rekayasa Perangkat Lunak/Semester 6/Proyek Pengembangan Perangkat Lunak/Project/webcode/sheena-backend/vendor/laravel/framework/src/Illuminate/Database/Console/Migrations/MigrateCommand.php(110): Illuminate/Database/Console/Migrations/MigrateCommand->prepareDatabase()
#20 D:/Teknologi Rekayasa Perangkat Lunak/Semester 6/Proyek Pengembangan Perangkat Lunak/Project/webcode/sheena-backend/vendor/laravel/framework/src/Illuminate/Database/Migrations/Migrator.php(671): Illuminate/Database/Console/Migrations/MigrateCommand->Illuminate/Database/Console/Migrations/{closure}()
#21 D:/Teknologi Rekayasa Perangkat Lunak/Semester 6/Proyek Pengembangan Perangkat Lunak/Project/webcode/sheena-backend/vendor/laravel/framework/src/Illuminate/Database/Console/Migrations/MigrateCommand.php(109): Illuminate/Database/Migrations/Migrator->usingConnection(NULL, Object(Closure))
#22 D:/Teknologi Rekayasa Perangkat Lunak/Semester 6/Proyek Pengembangan Perangkat Lunak/Project/webcode/sheena-backend/vendor/laravel/framework/src/Illuminate/Database/Console/Migrations/MigrateCommand.php(88): Illuminate/Database/Console/Migrations/MigrateCommand->runMigrations()
#23 D:/Teknologi Rekayasa Perangkat Lunak/Semester 6/Proyek Pengembangan Perangkat Lunak/Project/webcode/sheena-backend/vendor/laravel/framework/src/Illuminate/Container/BoundMethod.php(36): Illuminate/Database/Console/Migrations/MigrateCommand->handle()
#24 D:/Teknologi Rekayasa Perangkat Lunak/Semester 6/Proyek Pengembangan Perangkat Lunak/Project/webcode/sheena-backend/vendor/laravel/framework/src/Illuminate/Container/Util.php(43): Illuminate/Container/BoundMethod::Illuminate/Container/{closure}()
#25 D:/Teknologi Rekayasa Perangkat Lunak/Semester 6/Proyek Pengembangan Perangkat Lunak/Project/webcode/sheena-backend/vendor/laravel/framework/src/Illuminate/Container/BoundMethod.php(96): Illuminate/Container/Util::unwrapIfClosure(Object(Closure))
#26 D:/Teknologi Rekayasa Perangkat Lunak/Semester 6/Proyek Pengembangan Perangkat Lunak/Project/webcode/sheena-backend/vendor/laravel/framework/src/Illuminate/Container/BoundMethod.php(35): Illuminate/Container/BoundMethod::callBoundMethod(Object(Illuminate/Foundation/Application), Array, Object(Closure))
#27 D:/Teknologi Rekayasa Perangkat Lunak/Semester 6/Proyek Pengembangan Perangkat Lunak/Project/webcode/sheena-backend/vendor/laravel/framework/src/Illuminate/Container/Container.php(799): Illuminate/Container/BoundMethod::call(Object(Illuminate/Foundation/Application), Array, Array, NULL)
#28 D:/Teknologi Rekayasa Perangkat Lunak/Semester 6/Proyek Pengembangan Perangkat Lunak/Project/webcode/sheena-backend/vendor/laravel/framework/src/Illuminate/Console/Command.php(211): Illuminate/Container/Container->call(Array)
#29 D:/Teknologi Rekayasa Perangkat Lunak/Semester 6/Proyek Pengembangan Perangkat Lunak/Project/webcode/sheena-backend/vendor/symfony/console/Command/Command.php(341): Illuminate/Console/Command->execute(Object(Symfony/Component/Console/Input/ArgvInput), Object(Illuminate/Console/OutputStyle))
#30 D:/Teknologi Rekayasa Perangkat Lunak/Semester 6/Proyek Pengembangan Perangkat Lunak/Project/webcode/sheena-backend/vendor/laravel/framework/src/Illuminate/Console/Command.php(180): Symfony/Component/Console/Command/Command->run(Object(Symfony/Component/Console/Input/ArgvInput), Object(Illuminate/Console/OutputStyle))
#31 D:/Teknologi Rekayasa Perangkat Lunak/Semester 6/Proyek Pengembangan Perangkat Lunak/Project/webcode/sheena-backend/vendor/symfony/console/Application.php(1117): Illuminate/Console/Command->run(Object(Symfony/Component/Console/Input/ArgvInput), Object(Symfony/Component/Console/Output/ConsoleOutput))
#32 D:/Teknologi Rekayasa Perangkat Lunak/Semester 6/Proyek Pengembangan Perangkat Lunak/Project/webcode/sheena-backend/vendor/symfony/console/Application.php(356): Symfony/Component/Console/Application->doRunCommand(Object(Illuminate/Database/Console/Migrations/MigrateCommand), Object(Symfony/Component/Console/Input/ArgvInput), Object(Symfony/Component/Console/Output/ConsoleOutput))
#33 D:/Teknologi Rekayasa Perangkat Lunak/Semester 6/Proyek Pengembangan Perangkat Lunak/Project/webcode/sheena-backend/vendor/symfony/console/Application.php(195): Symfony/Component/Console/Application->doRun(Object(Symfony/Component/Console/Input/ArgvInput), Object(Symfony/Component/Console/Output/ConsoleOutput))
#34 D:/Teknologi Rekayasa Perangkat Lunak/Semester 6/Proyek Pengembangan Perangkat Lunak/Project/webcode/sheena-backend/vendor/laravel/framework/src/Illuminate/Foundation/Console/Kernel.php(198): Symfony/Component/Console/Application->run(Object(Symfony/Component/Console/Input/ArgvInput), Object(Symfony/Component/Console/Output/ConsoleOutput))
#35 D:/Teknologi Rekayasa Perangkat Lunak/Semester 6/Proyek Pengembangan Perangkat Lunak/Project/webcode/sheena-backend/vendor/laravel/framework/src/Illuminate/Foundation/Application.php(1235): Illuminate/Foundation/Console/Kernel->handle(Object(Symfony/Component/Console/Input/ArgvInput), Object(Symfony/Component/Console/Output/ConsoleOutput))
#36 D:/Teknologi Rekayasa Perangkat Lunak/Semester 6/Proyek Pengembangan Perangkat Lunak/Project/webcode/sheena-backend/artisan(16): Illuminate/Foundation/Application->handleCommand(Object(Symfony/Component/Console/Input/ArgvInput))
#37 {main}
"} 
[2026-03-13 14:22:19] local.ERROR: Too many arguments to "make:migration" command, expected arguments "name". {"exception":"[object] (Symfony\\Component\\Console\\Exception\\RuntimeException(code: 0): Too many arguments to \"make:migration\" command, expected arguments \"name\". at D:/Teknologi Rekayasa Perangkat Lunak/Semester 6/Proyek Pengembangan Perangkat Lunak/Project/webcode/sheena-backend/vendor/symfony/console/Input/ArgvInput.php:199)
[stacktrace]
#0 D:/Teknologi Rekayasa Perangkat Lunak/Semester 6/Proyek Pengembangan Perangkat Lunak/Project/webcode/sheena-backend/vendor/symfony/console/Input/ArgvInput.php(92): Symfony/Component/Console/Input/ArgvInput->parseArgument('admins_table')
#1 D:/Teknologi Rekayasa Perangkat Lunak/Semester 6/Proyek Pengembangan Perangkat Lunak/Project/webcode/sheena-backend/vendor/symfony/console/Input/ArgvInput.php(77): Symfony/Component/Console/Input/ArgvInput->parseToken('admins_table', true)
#2 D:/Teknologi Rekayasa Perangkat Lunak/Semester 6/Proyek Pengembangan Perangkat Lunak/Project/webcode/sheena-backend/vendor/symfony/console/Input/Input.php(53): Symfony/Component/Console/Input/ArgvInput->parse()
#3 D:/Teknologi Rekayasa Perangkat Lunak/Semester 6/Proyek Pengembangan Perangkat Lunak/Project/webcode/sheena-backend/vendor/symfony/console/Command/Command.php(295): Symfony/Component/Console/Input/Input->bind(Object(Symfony/Component/Console/Input/InputDefinition))
#4 D:/Teknologi Rekayasa Perangkat Lunak/Semester 6/Proyek Pengembangan Perangkat Lunak/Project/webcode/sheena-backend/vendor/laravel/framework/src/Illuminate/Console/Command.php(180): Symfony/Component/Console/Command/Command->run(Object(Symfony/Component/Console/Input/ArgvInput), Object(Illuminate/Console/OutputStyle))
#5 D:/Teknologi Rekayasa Perangkat Lunak/Semester 6/Proyek Pengembangan Perangkat Lunak/Project/webcode/sheena-backend/vendor/symfony/console/Application.php(1117): Illuminate/Console/Command->run(Object(Symfony/Component/Console/Input/ArgvInput), Object(Symfony/Component/Console/Output/ConsoleOutput))
#6 D:/Teknologi Rekayasa Perangkat Lunak/Semester 6/Proyek Pengembangan Perangkat Lunak/Project/webcode/sheena-backend/vendor/symfony/console/Application.php(356): Symfony/Component/Console/Application->doRunCommand(Object(Illuminate/Database/Console/Migrations/MigrateMakeCommand), Object(Symfony/Component/Console/Input/ArgvInput), Object(Symfony/Component/Console/Output/ConsoleOutput))
#7 D:/Teknologi Rekayasa Perangkat Lunak/Semester 6/Proyek Pengembangan Perangkat Lunak/Project/webcode/sheena-backend/vendor/symfony/console/Application.php(195): Symfony/Component/Console/Application->doRun(Object(Symfony/Component/Console/Input/ArgvInput), Object(Symfony/Component/Console/Output/ConsoleOutput))
#8 D:/Teknologi Rekayasa Perangkat Lunak/Semester 6/Proyek Pengembangan Perangkat Lunak/Project/webcode/sheena-backend/vendor/laravel/framework/src/Illuminate/Foundation/Console/Kernel.php(198): Symfony/Component/Console/Application->run(Object(Symfony/Component/Console/Input/ArgvInput), Object(Symfony/Component/Console/Output/ConsoleOutput))
#9 D:/Teknologi Rekayasa Perangkat Lunak/Semester 6/Proyek Pengembangan Perangkat Lunak/Project/webcode/sheena-backend/vendor/laravel/framework/src/Illuminate/Foundation/Application.php(1235): Illuminate/Foundation/Console/Kernel->handle(Object(Symfony/Component/Console/Input/ArgvInput), Object(Symfony/Component/Console/Output/ConsoleOutput))
#10 D:/Teknologi Rekayasa Perangkat Lunak/Semester 6/Proyek Pengembangan Perangkat Lunak/Project/webcode/sheena-backend/artisan(16): Illuminate/Foundation/Application->handleCommand(Object(Symfony/Component/Console/Input/ArgvInput))
#11 {main}
"} 
[2026-03-13 21:38:29] local.ERROR: Cannot declare class App\Http\Controllers\Api\AdminAuthController, because the name is already in use {"exception":"[object] (Symfony\\Component\\ErrorHandler\\Error\\FatalError(code: 0): Cannot declare class App\\Http\\Controllers\\Api\\AdminAuthController, because the name is already in use at D:/Teknologi Rekayasa Perangkat Lunak/Semester 6/Proyek Pengembangan Perangkat Lunak/Project/webcode/sheena-backend/app/Http/Controllers/Controller.php:10)
[stacktrace]
#0 {main}
"} 
[2026-03-13 21:39:28] local.ERROR: Cannot declare class App\Http\Controllers\Api\AdminAuthController, because the name is already in use {"exception":"[object] (Symfony\\Component\\ErrorHandler\\Error\\FatalError(code: 0): Cannot declare class App\\Http\\Controllers\\Api\\AdminAuthController, because the name is already in use at D:/Teknologi Rekayasa Perangkat Lunak/Semester 6/Proyek Pengembangan Perangkat Lunak/Project/webcode/sheena-backend/app/Http/Controllers/Controller.php:10)
[stacktrace]
#0 {main}
"} 
[2026-03-13 21:41:11] local.ERROR: Cannot declare class App\Http\Controllers\Api\AdminAuthController, because the name is already in use {"exception":"[object] (Symfony\\Component\\ErrorHandler\\Error\\FatalError(code: 0): Cannot declare class App\\Http\\Controllers\\Api\\AdminAuthController, because the name is already in use at D:/Teknologi Rekayasa Perangkat Lunak/Semester 6/Proyek Pengembangan Perangkat Lunak/Project/webcode/sheena-backend/app/Http/Controllers/Controller.php:10)
[stacktrace]
#0 {main}
"} 
[2026-03-13 22:41:15] local.ERROR: SQLSTATE[23000]: Integrity constraint violation: 1048 Column 'tokenable_id' cannot be null (Connection: mysql, Host: 127.0.0.1, Port: 3306, Database: sheena_db, SQL: insert into `personal_access_tokens` (`name`, `token`, `abilities`, `expires_at`, `tokenable_id`, `tokenable_type`, `updated_at`, `created_at`) values (admin-token, 1454039f329c233745b0fa4327e7a0fb78e8ea55e462aaa6b0df49e42b7e0b13, ["*"], ?, ?, App\Models\Admin, 2026-03-13 22:41:15, 2026-03-13 22:41:15)) {"exception":"[object] (Illuminate\\Database\\QueryException(code: 23000): SQLSTATE[23000]: Integrity constraint violation: 1048 Column 'tokenable_id' cannot be null (Connection: mysql, Host: 127.0.0.1, Port: 3306, Database: sheena_db, SQL: insert into `personal_access_tokens` (`name`, `token`, `abilities`, `expires_at`, `tokenable_id`, `tokenable_type`, `updated_at`, `created_at`) values (admin-token, 1454039f329c233745b0fa4327e7a0fb78e8ea55e462aaa6b0df49e42b7e0b13, [\"*\"], ?, ?, App\\Models\\Admin, 2026-03-13 22:41:15, 2026-03-13 22:41:15)) at D:/Teknologi Rekayasa Perangkat Lunak/Semester 6/Proyek Pengembangan Perangkat Lunak/Project/webcode/sheena-backend/vendor/laravel/framework/src/Illuminate/Database/Connection.php:838)
[stacktrace]
#0 D:/Teknologi Rekayasa Perangkat Lunak/Semester 6/Proyek Pengembangan Perangkat Lunak/Project/webcode/sheena-backend/vendor/laravel/framework/src/Illuminate/Database/Connection.php(794): Illuminate/Database/Connection->runQueryCallback('insert into `pe...', Array, Object(Closure))
#1 D:/Teknologi Rekayasa Perangkat Lunak/Semester 6/Proyek Pengembangan Perangkat Lunak/Project/webcode/sheena-backend/vendor/laravel/framework/src/Illuminate/Database/MySqlConnection.php(42): Illuminate/Database/Connection->run('insert into `pe...', Array, Object(Closure))
#2 D:/Teknologi Rekayasa Perangkat Lunak/Semester 6/Proyek Pengembangan Perangkat Lunak/Project/webcode/sheena-backend/vendor/laravel/framework/src/Illuminate/Database/Query/Processors/MySqlProcessor.php(35): Illuminate/Database/MySqlConnection->insert('insert into `pe...', Array, 'id')
#3 D:/Teknologi Rekayasa Perangkat Lunak/Semester 6/Proyek Pengembangan Perangkat Lunak/Project/webcode/sheena-backend/vendor/laravel/framework/src/Illuminate/Database/Query/Builder.php(4140): Illuminate/Database/Query/Processors/MySqlProcessor->processInsertGetId(Object(Illuminate/Database/Query/Builder), 'insert into `pe...', Array, 'id')
#4 D:/Teknologi Rekayasa Perangkat Lunak/Semester 6/Proyek Pengembangan Perangkat Lunak/Project/webcode/sheena-backend/vendor/laravel/framework/src/Illuminate/Database/Eloquent/Builder.php(2235): Illuminate/Database/Query/Builder->insertGetId(Array, 'id')
#5 D:/Teknologi Rekayasa Perangkat Lunak/Semester 6/Proyek Pengembangan Perangkat Lunak/Project/webcode/sheena-backend/vendor/laravel/framework/src/Illuminate/Database/Eloquent/Model.php(1436): Illuminate/Database/Eloquent/Builder->__call('insertGetId', Array)
#6 D:/Teknologi Rekayasa Perangkat Lunak/Semester 6/Proyek Pengembangan Perangkat Lunak/Project/webcode/sheena-backend/vendor/laravel/framework/src/Illuminate/Database/Eloquent/Model.php(1401): Illuminate/Database/Eloquent/Model->insertAndSetId(Object(Illuminate/Database/Eloquent/Builder), Array)
#7 D:/Teknologi Rekayasa Perangkat Lunak/Semester 6/Proyek Pengembangan Perangkat Lunak/Project/webcode/sheena-backend/vendor/laravel/framework/src/Illuminate/Database/Eloquent/Model.php(1240): Illuminate/Database/Eloquent/Model->performInsert(Object(Illuminate/Database/Eloquent/Builder))
#8 D:/Teknologi Rekayasa Perangkat Lunak/Semester 6/Proyek Pengembangan Perangkat Lunak/Project/webcode/sheena-backend/vendor/laravel/framework/src/Illuminate/Database/Eloquent/Relations/HasOneOrMany.php(387): Illuminate/Database/Eloquent/Model->save()
#9 D:/Teknologi Rekayasa Perangkat Lunak/Semester 6/Proyek Pengembangan Perangkat Lunak/Project/webcode/sheena-backend/vendor/laravel/framework/src/Illuminate/Support/helpers.php(388): Illuminate/Database/Eloquent/Relations/HasOneOrMany->Illuminate/Database/Eloquent/Relations/{closure}(Object(Laravel/Sanctum/PersonalAccessToken))
#10 D:/Teknologi Rekayasa Perangkat Lunak/Semester 6/Proyek Pengembangan Perangkat Lunak/Project/webcode/sheena-backend/vendor/laravel/framework/src/Illuminate/Database/Eloquent/Relations/HasOneOrMany.php(384): tap(Object(Laravel/Sanctum/PersonalAccessToken), Object(Closure))
#11 D:/Teknologi Rekayasa Perangkat Lunak/Semester 6/Proyek Pengembangan Perangkat Lunak/Project/webcode/sheena-backend/vendor/laravel/sanctum/src/HasApiTokens.php(64): Illuminate/Database/Eloquent/Relations/HasOneOrMany->create(Array)
#12 D:/Teknologi Rekayasa Perangkat Lunak/Semester 6/Proyek Pengembangan Perangkat Lunak/Project/webcode/sheena-backend/app/Http/Controllers/Api/AdminAuthController.php(27): App/Models/Admin->createToken('admin-token')
#13 D:/Teknologi Rekayasa Perangkat Lunak/Semester 6/Proyek Pengembangan Perangkat Lunak/Project/webcode/sheena-backend/vendor/laravel/framework/src/Illuminate/Routing/ControllerDispatcher.php(46): App/Http/Controllers/Api/AdminAuthController->login(Object(Illuminate/Http/Request))
#14 D:/Teknologi Rekayasa Perangkat Lunak/Semester 6/Proyek Pengembangan Perangkat Lunak/Project/webcode/sheena-backend/vendor/laravel/framework/src/Illuminate/Routing/Route.php(265): Illuminate/Routing/ControllerDispatcher->dispatch(Object(Illuminate/Routing/Route), Object(App/Http/Controllers/Api/AdminAuthController), 'login')
#15 D:/Teknologi Rekayasa Perangkat Lunak/Semester 6/Proyek Pengembangan Perangkat Lunak/Project/webcode/sheena-backend/vendor/laravel/framework/src/Illuminate/Routing/Route.php(211): Illuminate/Routing/Route->runController()
#16 D:/Teknologi Rekayasa Perangkat Lunak/Semester 6/Proyek Pengembangan Perangkat Lunak/Project/webcode/sheena-backend/vendor/laravel/framework/src/Illuminate/Routing/Router.php(822): Illuminate/Routing/Route->run()
#17 D:/Teknologi Rekayasa Perangkat Lunak/Semester 6/Proyek Pengembangan Perangkat Lunak/Project/webcode/sheena-backend/vendor/laravel/framework/src/Illuminate/Pipeline/Pipeline.php(180): Illuminate/Routing/Router->Illuminate/Routing/{closure}(Object(Illuminate/Http/Request))
#18 D:/Teknologi Rekayasa Perangkat Lunak/Semester 6/Proyek Pengembangan Perangkat Lunak/Project/webcode/sheena-backend/vendor/laravel/framework/src/Illuminate/Routing/Middleware/SubstituteBindings.php(50): Illuminate/Pipeline/Pipeline->Illuminate/Pipeline/{closure}(Object(Illuminate/Http/Request))
#19 D:/Teknologi Rekayasa Perangkat Lunak/Semester 6/Proyek Pengembangan Perangkat Lunak/Project/webcode/sheena-backend/vendor/laravel/framework/src/Illuminate/Pipeline/Pipeline.php(219): Illuminate/Routing/Middleware/SubstituteBindings->handle(Object(Illuminate/Http/Request), Object(Closure))
#20 D:/Teknologi Rekayasa Perangkat Lunak/Semester 6/Proyek Pengembangan Perangkat Lunak/Project/webcode/sheena-backend/vendor/laravel/framework/src/Illuminate/Pipeline/Pipeline.php(137): Illuminate/Pipeline/Pipeline->Illuminate/Pipeline/{closure}(Object(Illuminate/Http/Request))
#21 D:/Teknologi Rekayasa Perangkat Lunak/Semester 6/Proyek Pengembangan Perangkat Lunak/Project/webcode/sheena-backend/vendor/laravel/framework/src/Illuminate/Routing/Router.php(821): Illuminate/Pipeline/Pipeline->then(Object(Closure))
#22 D:/Teknologi Rekayasa Perangkat Lunak/Semester 6/Proyek Pengembangan Perangkat Lunak/Project/webcode/sheena-backend/vendor/laravel/framework/src/Illuminate/Routing/Router.php(800): Illuminate/Routing/Router->runRouteWithinStack(Object(Illuminate/Routing/Route), Object(Illuminate/Http/Request))
#23 D:/Teknologi Rekayasa Perangkat Lunak/Semester 6/Proyek Pengembangan Perangkat Lunak/Project/webcode/sheena-backend/vendor/laravel/framework/src/Illuminate/Routing/Router.php(764): Illuminate/Routing/Router->runRoute(Object(Illuminate/Http/Request), Object(Illuminate/Routing/Route))
#24 D:/Teknologi Rekayasa Perangkat Lunak/Semester 6/Proyek Pengembangan Perangkat Lunak/Project/webcode/sheena-backend/vendor/laravel/framework/src/Illuminate/Routing/Router.php(753): Illuminate/Routing/Router->dispatchToRoute(Object(Illuminate/Http/Request))
#25 D:/Teknologi Rekayasa Perangkat Lunak/Semester 6/Proyek Pengembangan Perangkat Lunak/Project/webcode/sheena-backend/vendor/laravel/framework/src/Illuminate/Foundation/Http/Kernel.php(200): Illuminate/Routing/Router->dispatch(Object(Illuminate/Http/Request))
#26 D:/Teknologi Rekayasa Perangkat Lunak/Semester 6/Proyek Pengembangan Perangkat Lunak/Project/webcode/sheena-backend/vendor/laravel/framework/src/Illuminate/Pipeline/Pipeline.php(180): Illuminate/Foundation/Http/Kernel->Illuminate/Foundation/Http/{closure}(Object(Illuminate/Http/Request))
#27 D:/Teknologi Rekayasa Perangkat Lunak/Semester 6/Proyek Pengembangan Perangkat Lunak/Project/webcode/sheena-backend/vendor/laravel/framework/src/Illuminate/Foundation/Http/Middleware/TransformsRequest.php(21): Illuminate/Pipeline/Pipeline->Illuminate/Pipeline/{closure}(Object(Illuminate/Http/Request))
#28 D:/Teknologi Rekayasa Perangkat Lunak/Semester 6/Proyek Pengembangan Perangkat Lunak/Project/webcode/sheena-backend/vendor/laravel/framework/src/Illuminate/Foundation/Http/Middleware/ConvertEmptyStringsToNull.php(31): Illuminate/Foundation/Http/Middleware/TransformsRequest->handle(Object(Illuminate/Http/Request), Object(Closure))
#29 D:/Teknologi Rekayasa Perangkat Lunak/Semester 6/Proyek Pengembangan Perangkat Lunak/Project/webcode/sheena-backend/vendor/laravel/framework/src/Illuminate/Pipeline/Pipeline.php(219): Illuminate/Foundation/Http/Middleware/ConvertEmptyStringsToNull->handle(Object(Illuminate/Http/Request), Object(Closure))
#30 D:/Teknologi Rekayasa Perangkat Lunak/Semester 6/Proyek Pengembangan Perangkat Lunak/Project/webcode/sheena-backend/vendor/laravel/framework/src/Illuminate/Foundation/Http/Middleware/TransformsRequest.php(21): Illuminate/Pipeline/Pipeline->Illuminate/Pipeline/{closure}(Object(Illuminate/Http/Request))
#31 D:/Teknologi Rekayasa Perangkat Lunak/Semester 6/Proyek Pengembangan Perangkat Lunak/Project/webcode/sheena-backend/vendor/laravel/framework/src/Illuminate/Foundation/Http/Middleware/TrimStrings.php(51): Illuminate/Foundation/Http/Middleware/TransformsRequest->handle(Object(Illuminate/Http/Request), Object(Closure))
#32 D:/Teknologi Rekayasa Perangkat Lunak/Semester 6/Proyek Pengembangan Perangkat Lunak/Project/webcode/sheena-backend/vendor/laravel/framework/src/Illuminate/Pipeline/Pipeline.php(219): Illuminate/Foundation/Http/Middleware/TrimStrings->handle(Object(Illuminate/Http/Request), Object(Closure))
#33 D:/Teknologi Rekayasa Perangkat Lunak/Semester 6/Proyek Pengembangan Perangkat Lunak/Project/webcode/sheena-backend/vendor/laravel/framework/src/Illuminate/Http/Middleware/ValidatePostSize.php(27): Illuminate/Pipeline/Pipeline->Illuminate/Pipeline/{closure}(Object(Illuminate/Http/Request))
#34 D:/Teknologi Rekayasa Perangkat Lunak/Semester 6/Proyek Pengembangan Perangkat Lunak/Project/webcode/sheena-backend/vendor/laravel/framework/src/Illuminate/Pipeline/Pipeline.php(219): Illuminate/Http/Middleware/ValidatePostSize->handle(Object(Illuminate/Http/Request), Object(Closure))
#35 D:/Teknologi Rekayasa Perangkat Lunak/Semester 6/Proyek Pengembangan Perangkat Lunak/Project/webcode/sheena-backend/vendor/laravel/framework/src/Illuminate/Foundation/Http/Middleware/PreventRequestsDuringMaintenance.php(109): Illuminate/Pipeline/Pipeline->Illuminate/Pipeline/{closure}(Object(Illuminate/Http/Request))
#36 D:/Teknologi Rekayasa Perangkat Lunak/Semester 6/Proyek Pengembangan Perangkat Lunak/Project/webcode/sheena-backend/vendor/laravel/framework/src/Illuminate/Pipeline/Pipeline.php(219): Illuminate/Foundation/Http/Middleware/PreventRequestsDuringMaintenance->handle(Object(Illuminate/Http/Request), Object(Closure))
#37 D:/Teknologi Rekayasa Perangkat Lunak/Semester 6/Proyek Pengembangan Perangkat Lunak/Project/webcode/sheena-backend/vendor/laravel/framework/src/Illuminate/Http/Middleware/HandleCors.php(74): Illuminate/Pipeline/Pipeline->Illuminate/Pipeline/{closure}(Object(Illuminate/Http/Request))
#38 D:/Teknologi Rekayasa Perangkat Lunak/Semester 6/Proyek Pengembangan Perangkat Lunak/Project/webcode/sheena-backend/vendor/laravel/framework/src/Illuminate/Pipeline/Pipeline.php(219): Illuminate/Http/Middleware/HandleCors->handle(Object(Illuminate/Http/Request), Object(Closure))
#39 D:/Teknologi Rekayasa Perangkat Lunak/Semester 6/Proyek Pengembangan Perangkat Lunak/Project/webcode/sheena-backend/vendor/laravel/framework/src/Illuminate/Http/Middleware/TrustProxies.php(58): Illuminate/Pipeline/Pipeline->Illuminate/Pipeline/{closure}(Object(Illuminate/Http/Request))
#40 D:/Teknologi Rekayasa Perangkat Lunak/Semester 6/Proyek Pengembangan Perangkat Lunak/Project/webcode/sheena-backend/vendor/laravel/framework/src/Illuminate/Pipeline/Pipeline.php(219): Illuminate/Http/Middleware/TrustProxies->handle(Object(Illuminate/Http/Request), Object(Closure))
#41 D:/Teknologi Rekayasa Perangkat Lunak/Semester 6/Proyek Pengembangan Perangkat Lunak/Project/webcode/sheena-backend/vendor/laravel/framework/src/Illuminate/Foundation/Http/Middleware/InvokeDeferredCallbacks.php(22): Illuminate/Pipeline/Pipeline->Illuminate/Pipeline/{closure}(Object(Illuminate/Http/Request))
#42 D:/Teknologi Rekayasa Perangkat Lunak/Semester 6/Proyek Pengembangan Perangkat Lunak/Project/webcode/sheena-backend/vendor/laravel/framework/src/Illuminate/Pipeline/Pipeline.php(219): Illuminate/Foundation/Http/Middleware/InvokeDeferredCallbacks->handle(Object(Illuminate/Http/Request), Object(Closure))
#43 D:/Teknologi Rekayasa Perangkat Lunak/Semester 6/Proyek Pengembangan Perangkat Lunak/Project/webcode/sheena-backend/vendor/laravel/framework/src/Illuminate/Http/Middleware/ValidatePathEncoding.php(26): Illuminate/Pipeline/Pipeline->Illuminate/Pipeline/{closure}(Object(Illuminate/Http/Request))
#44 D:/Teknologi Rekayasa Perangkat Lunak/Semester 6/Proyek Pengembangan Perangkat Lunak/Project/webcode/sheena-backend/vendor/laravel/framework/src/Illuminate/Pipeline/Pipeline.php(219): Illuminate/Http/Middleware/ValidatePathEncoding->handle(Object(Illuminate/Http/Request), Object(Closure))
#45 D:/Teknologi Rekayasa Perangkat Lunak/Semester 6/Proyek Pengembangan Perangkat Lunak/Project/webcode/sheena-backend/vendor/laravel/framework/src/Illuminate/Pipeline/Pipeline.php(137): Illuminate/Pipeline/Pipeline->Illuminate/Pipeline/{closure}(Object(Illuminate/Http/Request))
#46 D:/Teknologi Rekayasa Perangkat Lunak/Semester 6/Proyek Pengembangan Perangkat Lunak/Project/webcode/sheena-backend/vendor/laravel/framework/src/Illuminate/Foundation/Http/Kernel.php(175): Illuminate/Pipeline/Pipeline->then(Object(Closure))
#47 D:/Teknologi Rekayasa Perangkat Lunak/Semester 6/Proyek Pengembangan Perangkat Lunak/Project/webcode/sheena-backend/vendor/laravel/framework/src/Illuminate/Foundation/Http/Kernel.php(144): Illuminate/Foundation/Http/Kernel->sendRequestThroughRouter(Object(Illuminate/Http/Request))
#48 D:/Teknologi Rekayasa Perangkat Lunak/Semester 6/Proyek Pengembangan Perangkat Lunak/Project/webcode/sheena-backend/vendor/laravel/framework/src/Illuminate/Foundation/Application.php(1220): Illuminate/Foundation/Http/Kernel->handle(Object(Illuminate/Http/Request))
#49 D:/Teknologi Rekayasa Perangkat Lunak/Semester 6/Proyek Pengembangan Perangkat Lunak/Project/webcode/sheena-backend/public/index.php(20): Illuminate/Foundation/Application->handleRequest(Object(Illuminate/Http/Request))
#50 D:/Teknologi Rekayasa Perangkat Lunak/Semester 6/Proyek Pengembangan Perangkat Lunak/Project/webcode/sheena-backend/vendor/laravel/framework/src/Illuminate/Foundation/resources/server.php(23): require_once('D://Teknologi Re...')
#51 {main}

[previous exception] [object] (PDOException(code: 23000): SQLSTATE[23000]: Integrity constraint violation: 1048 Column 'tokenable_id' cannot be null at D:/Teknologi Rekayasa Perangkat Lunak/Semester 6/Proyek Pengembangan Perangkat Lunak/Project/webcode/sheena-backend/vendor/laravel/framework/src/Illuminate/Database/MySqlConnection.php:53)
[stacktrace]
#0 D:/Teknologi Rekayasa Perangkat Lunak/Semester 6/Proyek Pengembangan Perangkat Lunak/Project/webcode/sheena-backend/vendor/laravel/framework/src/Illuminate/Database/MySqlConnection.php(53): PDOStatement->execute()
#1 D:/Teknologi Rekayasa Perangkat Lunak/Semester 6/Proyek Pengembangan Perangkat Lunak/Project/webcode/sheena-backend/vendor/laravel/framework/src/Illuminate/Database/Connection.php(827): Illuminate/Database/MySqlConnection->Illuminate/Database/{closure}('insert into `pe...', Array)
#2 D:/Teknologi Rekayasa Perangkat Lunak/Semester 6/Proyek Pengembangan Perangkat Lunak/Project/webcode/sheena-backend/vendor/laravel/framework/src/Illuminate/Database/Connection.php(794): Illuminate/Database/Connection->runQueryCallback('insert into `pe...', Array, Object(Closure))
#3 D:/Teknologi Rekayasa Perangkat Lunak/Semester 6/Proyek Pengembangan Perangkat Lunak/Project/webcode/sheena-backend/vendor/laravel/framework/src/Illuminate/Database/MySqlConnection.php(42): Illuminate/Database/Connection->run('insert into `pe...', Array, Object(Closure))
#4 D:/Teknologi Rekayasa Perangkat Lunak/Semester 6/Proyek Pengembangan Perangkat Lunak/Project/webcode/sheena-backend/vendor/laravel/framework/src/Illuminate/Database/Query/Processors/MySqlProcessor.php(35): Illuminate/Database/MySqlConnection->insert('insert into `pe...', Array, 'id')
#5 D:/Teknologi Rekayasa Perangkat Lunak/Semester 6/Proyek Pengembangan Perangkat Lunak/Project/webcode/sheena-backend/vendor/laravel/framework/src/Illuminate/Database/Query/Builder.php(4140): Illuminate/Database/Query/Processors/MySqlProcessor->processInsertGetId(Object(Illuminate/Database/Query/Builder), 'insert into `pe...', Array, 'id')
#6 D:/Teknologi Rekayasa Perangkat Lunak/Semester 6/Proyek Pengembangan Perangkat Lunak/Project/webcode/sheena-backend/vendor/laravel/framework/src/Illuminate/Database/Eloquent/Builder.php(2235): Illuminate/Database/Query/Builder->insertGetId(Array, 'id')
#7 D:/Teknologi Rekayasa Perangkat Lunak/Semester 6/Proyek Pengembangan Perangkat Lunak/Project/webcode/sheena-backend/vendor/laravel/framework/src/Illuminate/Database/Eloquent/Model.php(1436): Illuminate/Database/Eloquent/Builder->__call('insertGetId', Array)
#8 D:/Teknologi Rekayasa Perangkat Lunak/Semester 6/Proyek Pengembangan Perangkat Lunak/Project/webcode/sheena-backend/vendor/laravel/framework/src/Illuminate/Database/Eloquent/Model.php(1401): Illuminate/Database/Eloquent/Model->insertAndSetId(Object(Illuminate/Database/Eloquent/Builder), Array)
#9 D:/Teknologi Rekayasa Perangkat Lunak/Semester 6/Proyek Pengembangan Perangkat Lunak/Project/webcode/sheena-backend/vendor/laravel/framework/src/Illuminate/Database/Eloquent/Model.php(1240): Illuminate/Database/Eloquent/Model->performInsert(Object(Illuminate/Database/Eloquent/Builder))
#10 D:/Teknologi Rekayasa Perangkat Lunak/Semester 6/Proyek Pengembangan Perangkat Lunak/Project/webcode/sheena-backend/vendor/laravel/framework/src/Illuminate/Database/Eloquent/Relations/HasOneOrMany.php(387): Illuminate/Database/Eloquent/Model->save()
#11 D:/Teknologi Rekayasa Perangkat Lunak/Semester 6/Proyek Pengembangan Perangkat Lunak/Project/webcode/sheena-backend/vendor/laravel/framework/src/Illuminate/Support/helpers.php(388): Illuminate/Database/Eloquent/Relations/HasOneOrMany->Illuminate/Database/Eloquent/Relations/{closure}(Object(Laravel/Sanctum/PersonalAccessToken))
#12 D:/Teknologi Rekayasa Perangkat Lunak/Semester 6/Proyek Pengembangan Perangkat Lunak/Project/webcode/sheena-backend/vendor/laravel/framework/src/Illuminate/Database/Eloquent/Relations/HasOneOrMany.php(384): tap(Object(Laravel/Sanctum/PersonalAccessToken), Object(Closure))
#13 D:/Teknologi Rekayasa Perangkat Lunak/Semester 6/Proyek Pengembangan Perangkat Lunak/Project/webcode/sheena-backend/vendor/laravel/sanctum/src/HasApiTokens.php(64): Illuminate/Database/Eloquent/Relations/HasOneOrMany->create(Array)
#14 D:/Teknologi Rekayasa Perangkat Lunak/Semester 6/Proyek Pengembangan Perangkat Lunak/Project/webcode/sheena-backend/app/Http/Controllers/Api/AdminAuthController.php(27): App/Models/Admin->createToken('admin-token')
#15 D:/Teknologi Rekayasa Perangkat Lunak/Semester 6/Proyek Pengembangan Perangkat Lunak/Project/webcode/sheena-backend/vendor/laravel/framework/src/Illuminate/Routing/ControllerDispatcher.php(46): App/Http/Controllers/Api/AdminAuthController->login(Object(Illuminate/Http/Request))
#16 D:/Teknologi Rekayasa Perangkat Lunak/Semester 6/Proyek Pengembangan Perangkat Lunak/Project/webcode/sheena-backend/vendor/laravel/framework/src/Illuminate/Routing/Route.php(265): Illuminate/Routing/ControllerDispatcher->dispatch(Object(Illuminate/Routing/Route), Object(App/Http/Controllers/Api/AdminAuthController), 'login')
#17 D:/Teknologi Rekayasa Perangkat Lunak/Semester 6/Proyek Pengembangan Perangkat Lunak/Project/webcode/sheena-backend/vendor/laravel/framework/src/Illuminate/Routing/Route.php(211): Illuminate/Routing/Route->runController()
#18 D:/Teknologi Rekayasa Perangkat Lunak/Semester 6/Proyek Pengembangan Perangkat Lunak/Project/webcode/sheena-backend/vendor/laravel/framework/src/Illuminate/Routing/Router.php(822): Illuminate/Routing/Route->run()
#19 D:/Teknologi Rekayasa Perangkat Lunak/Semester 6/Proyek Pengembangan Perangkat Lunak/Project/webcode/sheena-backend/vendor/laravel/framework/src/Illuminate/Pipeline/Pipeline.php(180): Illuminate/Routing/Router->Illuminate/Routing/{closure}(Object(Illuminate/Http/Request))
#20 D:/Teknologi Rekayasa Perangkat Lunak/Semester 6/Proyek Pengembangan Perangkat Lunak/Project/webcode/sheena-backend/vendor/laravel/framework/src/Illuminate/Routing/Middleware/SubstituteBindings.php(50): Illuminate/Pipeline/Pipeline->Illuminate/Pipeline/{closure}(Object(Illuminate/Http/Request))
#21 D:/Teknologi Rekayasa Perangkat Lunak/Semester 6/Proyek Pengembangan Perangkat Lunak/Project/webcode/sheena-backend/vendor/laravel/framework/src/Illuminate/Pipeline/Pipeline.php(219): Illuminate/Routing/Middleware/SubstituteBindings->handle(Object(Illuminate/Http/Request), Object(Closure))
#22 D:/Teknologi Rekayasa Perangkat Lunak/Semester 6/Proyek Pengembangan Perangkat Lunak/Project/webcode/sheena-backend/vendor/laravel/framework/src/Illuminate/Pipeline/Pipeline.php(137): Illuminate/Pipeline/Pipeline->Illuminate/Pipeline/{closure}(Object(Illuminate/Http/Request))
#23 D:/Teknologi Rekayasa Perangkat Lunak/Semester 6/Proyek Pengembangan Perangkat Lunak/Project/webcode/sheena-backend/vendor/laravel/framework/src/Illuminate/Routing/Router.php(821): Illuminate/Pipeline/Pipeline->then(Object(Closure))
#24 D:/Teknologi Rekayasa Perangkat Lunak/Semester 6/Proyek Pengembangan Perangkat Lunak/Project/webcode/sheena-backend/vendor/laravel/framework/src/Illuminate/Routing/Router.php(800): Illuminate/Routing/Router->runRouteWithinStack(Object(Illuminate/Routing/Route), Object(Illuminate/Http/Request))
#25 D:/Teknologi Rekayasa Perangkat Lunak/Semester 6/Proyek Pengembangan Perangkat Lunak/Project/webcode/sheena-backend/vendor/laravel/framework/src/Illuminate/Routing/Router.php(764): Illuminate/Routing/Router->runRoute(Object(Illuminate/Http/Request), Object(Illuminate/Routing/Route))
#26 D:/Teknologi Rekayasa Perangkat Lunak/Semester 6/Proyek Pengembangan Perangkat Lunak/Project/webcode/sheena-backend/vendor/laravel/framework/src/Illuminate/Routing/Router.php(753): Illuminate/Routing/Router->dispatchToRoute(Object(Illuminate/Http/Request))
#27 D:/Teknologi Rekayasa Perangkat Lunak/Semester 6/Proyek Pengembangan Perangkat Lunak/Project/webcode/sheena-backend/vendor/laravel/framework/src/Illuminate/Foundation/Http/Kernel.php(200): Illuminate/Routing/Router->dispatch(Object(Illuminate/Http/Request))
#28 D:/Teknologi Rekayasa Perangkat Lunak/Semester 6/Proyek Pengembangan Perangkat Lunak/Project/webcode/sheena-backend/vendor/laravel/framework/src/Illuminate/Pipeline/Pipeline.php(180): Illuminate/Foundation/Http/Kernel->Illuminate/Foundation/Http/{closure}(Object(Illuminate/Http/Request))
#29 D:/Teknologi Rekayasa Perangkat Lunak/Semester 6/Proyek Pengembangan Perangkat Lunak/Project/webcode/sheena-backend/vendor/laravel/framework/src/Illuminate/Foundation/Http/Middleware/TransformsRequest.php(21): Illuminate/Pipeline/Pipeline->Illuminate/Pipeline/{closure}(Object(Illuminate/Http/Request))
#30 D:/Teknologi Rekayasa Perangkat Lunak/Semester 6/Proyek Pengembangan Perangkat Lunak/Project/webcode/sheena-backend/vendor/laravel/framework/src/Illuminate/Foundation/Http/Middleware/ConvertEmptyStringsToNull.php(31): Illuminate/Foundation/Http/Middleware/TransformsRequest->handle(Object(Illuminate/Http/Request), Object(Closure))
#31 D:/Teknologi Rekayasa Perangkat Lunak/Semester 6/Proyek Pengembangan Perangkat Lunak/Project/webcode/sheena-backend/vendor/laravel/framework/src/Illuminate/Pipeline/Pipeline.php(219): Illuminate/Foundation/Http/Middleware/ConvertEmptyStringsToNull->handle(Object(Illuminate/Http/Request), Object(Closure))
#32 D:/Teknologi Rekayasa Perangkat Lunak/Semester 6/Proyek Pengembangan Perangkat Lunak/Project/webcode/sheena-backend/vendor/laravel/framework/src/Illuminate/Foundation/Http/Middleware/TransformsRequest.php(21): Illuminate/Pipeline/Pipeline->Illuminate/Pipeline/{closure}(Object(Illuminate/Http/Request))
#33 D:/Teknologi Rekayasa Perangkat Lunak/Semester 6/Proyek Pengembangan Perangkat Lunak/Project/webcode/sheena-backend/vendor/laravel/framework/src/Illuminate/Foundation/Http/Middleware/TrimStrings.php(51): Illuminate/Foundation/Http/Middleware/TransformsRequest->handle(Object(Illuminate/Http/Request), Object(Closure))
#34 D:/Teknologi Rekayasa Perangkat Lunak/Semester 6/Proyek Pengembangan Perangkat Lunak/Project/webcode/sheena-backend/vendor/laravel/framework/src/Illuminate/Pipeline/Pipeline.php(219): Illuminate/Foundation/Http/Middleware/TrimStrings->handle(Object(Illuminate/Http/Request), Object(Closure))
#35 D:/Teknologi Rekayasa Perangkat Lunak/Semester 6/Proyek Pengembangan Perangkat Lunak/Project/webcode/sheena-backend/vendor/laravel/framework/src/Illuminate/Http/Middleware/ValidatePostSize.php(27): Illuminate/Pipeline/Pipeline->Illuminate/Pipeline/{closure}(Object(Illuminate/Http/Request))
#36 D:/Teknologi Rekayasa Perangkat Lunak/Semester 6/Proyek Pengembangan Perangkat Lunak/Project/webcode/sheena-backend/vendor/laravel/framework/src/Illuminate/Pipeline/Pipeline.php(219): Illuminate/Http/Middleware/ValidatePostSize->handle(Object(Illuminate/Http/Request), Object(Closure))
#37 D:/Teknologi Rekayasa Perangkat Lunak/Semester 6/Proyek Pengembangan Perangkat Lunak/Project/webcode/sheena-backend/vendor/laravel/framework/src/Illuminate/Foundation/Http/Middleware/PreventRequestsDuringMaintenance.php(109): Illuminate/Pipeline/Pipeline->Illuminate/Pipeline/{closure}(Object(Illuminate/Http/Request))
#38 D:/Teknologi Rekayasa Perangkat Lunak/Semester 6/Proyek Pengembangan Perangkat Lunak/Project/webcode/sheena-backend/vendor/laravel/framework/src/Illuminate/Pipeline/Pipeline.php(219): Illuminate/Foundation/Http/Middleware/PreventRequestsDuringMaintenance->handle(Object(Illuminate/Http/Request), Object(Closure))
#39 D:/Teknologi Rekayasa Perangkat Lunak/Semester 6/Proyek Pengembangan Perangkat Lunak/Project/webcode/sheena-backend/vendor/laravel/framework/src/Illuminate/Http/Middleware/HandleCors.php(74): Illuminate/Pipeline/Pipeline->Illuminate/Pipeline/{closure}(Object(Illuminate/Http/Request))
#40 D:/Teknologi Rekayasa Perangkat Lunak/Semester 6/Proyek Pengembangan Perangkat Lunak/Project/webcode/sheena-backend/vendor/laravel/framework/src/Illuminate/Pipeline/Pipeline.php(219): Illuminate/Http/Middleware/HandleCors->handle(Object(Illuminate/Http/Request), Object(Closure))
#41 D:/Teknologi Rekayasa Perangkat Lunak/Semester 6/Proyek Pengembangan Perangkat Lunak/Project/webcode/sheena-backend/vendor/laravel/framework/src/Illuminate/Http/Middleware/TrustProxies.php(58): Illuminate/Pipeline/Pipeline->Illuminate/Pipeline/{closure}(Object(Illuminate/Http/Request))
#42 D:/Teknologi Rekayasa Perangkat Lunak/Semester 6/Proyek Pengembangan Perangkat Lunak/Project/webcode/sheena-backend/vendor/laravel/framework/src/Illuminate/Pipeline/Pipeline.php(219): Illuminate/Http/Middleware/TrustProxies->handle(Object(Illuminate/Http/Request), Object(Closure))
#43 D:/Teknologi Rekayasa Perangkat Lunak/Semester 6/Proyek Pengembangan Perangkat Lunak/Project/webcode/sheena-backend/vendor/laravel/framework/src/Illuminate/Foundation/Http/Middleware/InvokeDeferredCallbacks.php(22): Illuminate/Pipeline/Pipeline->Illuminate/Pipeline/{closure}(Object(Illuminate/Http/Request))
#44 D:/Teknologi Rekayasa Perangkat Lunak/Semester 6/Proyek Pengembangan Perangkat Lunak/Project/webcode/sheena-backend/vendor/laravel/framework/src/Illuminate/Pipeline/Pipeline.php(219): Illuminate/Foundation/Http/Middleware/InvokeDeferredCallbacks->handle(Object(Illuminate/Http/Request), Object(Closure))
#45 D:/Teknologi Rekayasa Perangkat Lunak/Semester 6/Proyek Pengembangan Perangkat Lunak/Project/webcode/sheena-backend/vendor/laravel/framework/src/Illuminate/Http/Middleware/ValidatePathEncoding.php(26): Illuminate/Pipeline/Pipeline->Illuminate/Pipeline/{closure}(Object(Illuminate/Http/Request))
#46 D:/Teknologi Rekayasa Perangkat Lunak/Semester 6/Proyek Pengembangan Perangkat Lunak/Project/webcode/sheena-backend/vendor/laravel/framework/src/Illuminate/Pipeline/Pipeline.php(219): Illuminate/Http/Middleware/ValidatePathEncoding->handle(Object(Illuminate/Http/Request), Object(Closure))
#47 D:/Teknologi Rekayasa Perangkat Lunak/Semester 6/Proyek Pengembangan Perangkat Lunak/Project/webcode/sheena-backend/vendor/laravel/framework/src/Illuminate/Pipeline/Pipeline.php(137): Illuminate/Pipeline/Pipeline->Illuminate/Pipeline/{closure}(Object(Illuminate/Http/Request))
#48 D:/Teknologi Rekayasa Perangkat Lunak/Semester 6/Proyek Pengembangan Perangkat Lunak/Project/webcode/sheena-backend/vendor/laravel/framework/src/Illuminate/Foundation/Http/Kernel.php(175): Illuminate/Pipeline/Pipeline->then(Object(Closure))
#49 D:/Teknologi Rekayasa Perangkat Lunak/Semester 6/Proyek Pengembangan Perangkat Lunak/Project/webcode/sheena-backend/vendor/laravel/framework/src/Illuminate/Foundation/Http/Kernel.php(144): Illuminate/Foundation/Http/Kernel->sendRequestThroughRouter(Object(Illuminate/Http/Request))
#50 D:/Teknologi Rekayasa Perangkat Lunak/Semester 6/Proyek Pengembangan Perangkat Lunak/Project/webcode/sheena-backend/vendor/laravel/framework/src/Illuminate/Foundation/Application.php(1220): Illuminate/Foundation/Http/Kernel->handle(Object(Illuminate/Http/Request))
#51 D:/Teknologi Rekayasa Perangkat Lunak/Semester 6/Proyek Pengembangan Perangkat Lunak/Project/webcode/sheena-backend/public/index.php(20): Illuminate/Foundation/Application->handleRequest(Object(Illuminate/Http/Request))
#52 D:/Teknologi Rekayasa Perangkat Lunak/Semester 6/Proyek Pengembangan Perangkat Lunak/Project/webcode/sheena-backend/vendor/laravel/framework/src/Illuminate/Foundation/resources/server.php(23): require_once('D://Teknologi Re...')
#53 {main}
"} 
[2026-03-13 22:53:03] local.ERROR: Route [login] not defined. {"exception":"[object] (Symfony\\Component\\Routing\\Exception\\RouteNotFoundException(code: 0): Route [login] not defined. at D:/Teknologi Rekayasa Perangkat Lunak/Semester 6/Proyek Pengembangan Perangkat Lunak/Project/webcode/sheena-backend/vendor/laravel/framework/src/Illuminate/Routing/UrlGenerator.php:528)
[stacktrace]
#0 D:/Teknologi Rekayasa Perangkat Lunak/Semester 6/Proyek Pengembangan Perangkat Lunak/Project/webcode/sheena-backend/vendor/laravel/framework/src/Illuminate/Foundation/helpers.php(870): Illuminate/Routing/UrlGenerator->route('login', Array, true)
#1 D:/Teknologi Rekayasa Perangkat Lunak/Semester 6/Proyek Pengembangan Perangkat Lunak/Project/webcode/sheena-backend/vendor/laravel/framework/src/Illuminate/Foundation/Configuration/ApplicationBuilder.php(278): route('login')
#2 [internal function]: Illuminate/Foundation/Configuration/ApplicationBuilder->Illuminate/Foundation/Configuration/{closure}(Object(Illuminate/Http/Request))
#3 D:/Teknologi Rekayasa Perangkat Lunak/Semester 6/Proyek Pengembangan Perangkat Lunak/Project/webcode/sheena-backend/vendor/laravel/framework/src/Illuminate/Auth/Middleware/Authenticate.php(117): call_user_func(Object(Closure), Object(Illuminate/Http/Request))
#4 D:/Teknologi Rekayasa Perangkat Lunak/Semester 6/Proyek Pengembangan Perangkat Lunak/Project/webcode/sheena-backend/vendor/laravel/framework/src/Illuminate/Auth/Middleware/Authenticate.php(104): Illuminate/Auth/Middleware/Authenticate->redirectTo(Object(Illuminate/Http/Request))
#5 D:/Teknologi Rekayasa Perangkat Lunak/Semester 6/Proyek Pengembangan Perangkat Lunak/Project/webcode/sheena-backend/vendor/laravel/framework/src/Illuminate/Auth/Middleware/Authenticate.php(87): Illuminate/Auth/Middleware/Authenticate->unauthenticated(Object(Illuminate/Http/Request), Array)
#6 D:/Teknologi Rekayasa Perangkat Lunak/Semester 6/Proyek Pengembangan Perangkat Lunak/Project/webcode/sheena-backend/vendor/laravel/framework/src/Illuminate/Auth/Middleware/Authenticate.php(61): Illuminate/Auth/Middleware/Authenticate->authenticate(Object(Illuminate/Http/Request), Array)
#7 D:/Teknologi Rekayasa Perangkat Lunak/Semester 6/Proyek Pengembangan Perangkat Lunak/Project/webcode/sheena-backend/vendor/laravel/framework/src/Illuminate/Pipeline/Pipeline.php(219): Illuminate/Auth/Middleware/Authenticate->handle(Object(Illuminate/Http/Request), Object(Closure), 'sanctum')
#8 D:/Teknologi Rekayasa Perangkat Lunak/Semester 6/Proyek Pengembangan Perangkat Lunak/Project/webcode/sheena-backend/vendor/laravel/framework/src/Illuminate/Pipeline/Pipeline.php(137): Illuminate/Pipeline/Pipeline->Illuminate/Pipeline/{closure}(Object(Illuminate/Http/Request))
#9 D:/Teknologi Rekayasa Perangkat Lunak/Semester 6/Proyek Pengembangan Perangkat Lunak/Project/webcode/sheena-backend/vendor/laravel/framework/src/Illuminate/Routing/Router.php(821): Illuminate/Pipeline/Pipeline->then(Object(Closure))
#10 D:/Teknologi Rekayasa Perangkat Lunak/Semester 6/Proyek Pengembangan Perangkat Lunak/Project/webcode/sheena-backend/vendor/laravel/framework/src/Illuminate/Routing/Router.php(800): Illuminate/Routing/Router->runRouteWithinStack(Object(Illuminate/Routing/Route), Object(Illuminate/Http/Request))
#11 D:/Teknologi Rekayasa Perangkat Lunak/Semester 6/Proyek Pengembangan Perangkat Lunak/Project/webcode/sheena-backend/vendor/laravel/framework/src/Illuminate/Routing/Router.php(764): Illuminate/Routing/Router->runRoute(Object(Illuminate/Http/Request), Object(Illuminate/Routing/Route))
#12 D:/Teknologi Rekayasa Perangkat Lunak/Semester 6/Proyek Pengembangan Perangkat Lunak/Project/webcode/sheena-backend/vendor/laravel/framework/src/Illuminate/Routing/Router.php(753): Illuminate/Routing/Router->dispatchToRoute(Object(Illuminate/Http/Request))
#13 D:/Teknologi Rekayasa Perangkat Lunak/Semester 6/Proyek Pengembangan Perangkat Lunak/Project/webcode/sheena-backend/vendor/laravel/framework/src/Illuminate/Foundation/Http/Kernel.php(200): Illuminate/Routing/Router->dispatch(Object(Illuminate/Http/Request))
#14 D:/Teknologi Rekayasa Perangkat Lunak/Semester 6/Proyek Pengembangan Perangkat Lunak/Project/webcode/sheena-backend/vendor/laravel/framework/src/Illuminate/Pipeline/Pipeline.php(180): Illuminate/Foundation/Http/Kernel->Illuminate/Foundation/Http/{closure}(Object(Illuminate/Http/Request))
#15 D:/Teknologi Rekayasa Perangkat Lunak/Semester 6/Proyek Pengembangan Perangkat Lunak/Project/webcode/sheena-backend/vendor/laravel/framework/src/Illuminate/Foundation/Http/Middleware/TransformsRequest.php(21): Illuminate/Pipeline/Pipeline->Illuminate/Pipeline/{closure}(Object(Illuminate/Http/Request))
#16 D:/Teknologi Rekayasa Perangkat Lunak/Semester 6/Proyek Pengembangan Perangkat Lunak/Project/webcode/sheena-backend/vendor/laravel/framework/src/Illuminate/Foundation/Http/Middleware/ConvertEmptyStringsToNull.php(31): Illuminate/Foundation/Http/Middleware/TransformsRequest->handle(Object(Illuminate/Http/Request), Object(Closure))
#17 D:/Teknologi Rekayasa Perangkat Lunak/Semester 6/Proyek Pengembangan Perangkat Lunak/Project/webcode/sheena-backend/vendor/laravel/framework/src/Illuminate/Pipeline/Pipeline.php(219): Illuminate/Foundation/Http/Middleware/ConvertEmptyStringsToNull->handle(Object(Illuminate/Http/Request), Object(Closure))
#18 D:/Teknologi Rekayasa Perangkat Lunak/Semester 6/Proyek Pengembangan Perangkat Lunak/Project/webcode/sheena-backend/vendor/laravel/framework/src/Illuminate/Foundation/Http/Middleware/TransformsRequest.php(21): Illuminate/Pipeline/Pipeline->Illuminate/Pipeline/{closure}(Object(Illuminate/Http/Request))
#19 D:/Teknologi Rekayasa Perangkat Lunak/Semester 6/Proyek Pengembangan Perangkat Lunak/Project/webcode/sheena-backend/vendor/laravel/framework/src/Illuminate/Foundation/Http/Middleware/TrimStrings.php(51): Illuminate/Foundation/Http/Middleware/TransformsRequest->handle(Object(Illuminate/Http/Request), Object(Closure))
#20 D:/Teknologi Rekayasa Perangkat Lunak/Semester 6/Proyek Pengembangan Perangkat Lunak/Project/webcode/sheena-backend/vendor/laravel/framework/src/Illuminate/Pipeline/Pipeline.php(219): Illuminate/Foundation/Http/Middleware/TrimStrings->handle(Object(Illuminate/Http/Request), Object(Closure))
#21 D:/Teknologi Rekayasa Perangkat Lunak/Semester 6/Proyek Pengembangan Perangkat Lunak/Project/webcode/sheena-backend/vendor/laravel/framework/src/Illuminate/Http/Middleware/ValidatePostSize.php(27): Illuminate/Pipeline/Pipeline->Illuminate/Pipeline/{closure}(Object(Illuminate/Http/Request))
#22 D:/Teknologi Rekayasa Perangkat Lunak/Semester 6/Proyek Pengembangan Perangkat Lunak/Project/webcode/sheena-backend/vendor/laravel/framework/src/Illuminate/Pipeline/Pipeline.php(219): Illuminate/Http/Middleware/ValidatePostSize->handle(Object(Illuminate/Http/Request), Object(Closure))
#23 D:/Teknologi Rekayasa Perangkat Lunak/Semester 6/Proyek Pengembangan Perangkat Lunak/Project/webcode/sheena-backend/vendor/laravel/framework/src/Illuminate/Foundation/Http/Middleware/PreventRequestsDuringMaintenance.php(109): Illuminate/Pipeline/Pipeline->Illuminate/Pipeline/{closure}(Object(Illuminate/Http/Request))
#24 D:/Teknologi Rekayasa Perangkat Lunak/Semester 6/Proyek Pengembangan Perangkat Lunak/Project/webcode/sheena-backend/vendor/laravel/framework/src/Illuminate/Pipeline/Pipeline.php(219): Illuminate/Foundation/Http/Middleware/PreventRequestsDuringMaintenance->handle(Object(Illuminate/Http/Request), Object(Closure))
#25 D:/Teknologi Rekayasa Perangkat Lunak/Semester 6/Proyek Pengembangan Perangkat Lunak/Project/webcode/sheena-backend/vendor/laravel/framework/src/Illuminate/Http/Middleware/HandleCors.php(74): Illuminate/Pipeline/Pipeline->Illuminate/Pipeline/{closure}(Object(Illuminate/Http/Request))
#26 D:/Teknologi Rekayasa Perangkat Lunak/Semester 6/Proyek Pengembangan Perangkat Lunak/Project/webcode/sheena-backend/vendor/laravel/framework/src/Illuminate/Pipeline/Pipeline.php(219): Illuminate/Http/Middleware/HandleCors->handle(Object(Illuminate/Http/Request), Object(Closure))
#27 D:/Teknologi Rekayasa Perangkat Lunak/Semester 6/Proyek Pengembangan Perangkat Lunak/Project/webcode/sheena-backend/vendor/laravel/framework/src/Illuminate/Http/Middleware/TrustProxies.php(58): Illuminate/Pipeline/Pipeline->Illuminate/Pipeline/{closure}(Object(Illuminate/Http/Request))
#28 D:/Teknologi Rekayasa Perangkat Lunak/Semester 6/Proyek Pengembangan Perangkat Lunak/Project/webcode/sheena-backend/vendor/laravel/framework/src/Illuminate/Pipeline/Pipeline.php(219): Illuminate/Http/Middleware/TrustProxies->handle(Object(Illuminate/Http/Request), Object(Closure))
#29 D:/Teknologi Rekayasa Perangkat Lunak/Semester 6/Proyek Pengembangan Perangkat Lunak/Project/webcode/sheena-backend/vendor/laravel/framework/src/Illuminate/Foundation/Http/Middleware/InvokeDeferredCallbacks.php(22): Illuminate/Pipeline/Pipeline->Illuminate/Pipeline/{closure}(Object(Illuminate/Http/Request))
#30 D:/Teknologi Rekayasa Perangkat Lunak/Semester 6/Proyek Pengembangan Perangkat Lunak/Project/webcode/sheena-backend/vendor/laravel/framework/src/Illuminate/Pipeline/Pipeline.php(219): Illuminate/Foundation/Http/Middleware/InvokeDeferredCallbacks->handle(Object(Illuminate/Http/Request), Object(Closure))
#31 D:/Teknologi Rekayasa Perangkat Lunak/Semester 6/Proyek Pengembangan Perangkat Lunak/Project/webcode/sheena-backend/vendor/laravel/framework/src/Illuminate/Http/Middleware/ValidatePathEncoding.php(26): Illuminate/Pipeline/Pipeline->Illuminate/Pipeline/{closure}(Object(Illuminate/Http/Request))
#32 D:/Teknologi Rekayasa Perangkat Lunak/Semester 6/Proyek Pengembangan Perangkat Lunak/Project/webcode/sheena-backend/vendor/laravel/framework/src/Illuminate/Pipeline/Pipeline.php(219): Illuminate/Http/Middleware/ValidatePathEncoding->handle(Object(Illuminate/Http/Request), Object(Closure))
#33 D:/Teknologi Rekayasa Perangkat Lunak/Semester 6/Proyek Pengembangan Perangkat Lunak/Project/webcode/sheena-backend/vendor/laravel/framework/src/Illuminate/Pipeline/Pipeline.php(137): Illuminate/Pipeline/Pipeline->Illuminate/Pipeline/{closure}(Object(Illuminate/Http/Request))
#34 D:/Teknologi Rekayasa Perangkat Lunak/Semester 6/Proyek Pengembangan Perangkat Lunak/Project/webcode/sheena-backend/vendor/laravel/framework/src/Illuminate/Foundation/Http/Kernel.php(175): Illuminate/Pipeline/Pipeline->then(Object(Closure))
#35 D:/Teknologi Rekayasa Perangkat Lunak/Semester 6/Proyek Pengembangan Perangkat Lunak/Project/webcode/sheena-backend/vendor/laravel/framework/src/Illuminate/Foundation/Http/Kernel.php(144): Illuminate/Foundation/Http/Kernel->sendRequestThroughRouter(Object(Illuminate/Http/Request))
#36 D:/Teknologi Rekayasa Perangkat Lunak/Semester 6/Proyek Pengembangan Perangkat Lunak/Project/webcode/sheena-backend/vendor/laravel/framework/src/Illuminate/Foundation/Application.php(1220): Illuminate/Foundation/Http/Kernel->handle(Object(Illuminate/Http/Request))
#37 D:/Teknologi Rekayasa Perangkat Lunak/Semester 6/Proyek Pengembangan Perangkat Lunak/Project/webcode/sheena-backend/public/index.php(20): Illuminate/Foundation/Application->handleRequest(Object(Illuminate/Http/Request))
#38 D:/Teknologi Rekayasa Perangkat Lunak/Semester 6/Proyek Pengembangan Perangkat Lunak/Project/webcode/sheena-backend/vendor/laravel/framework/src/Illuminate/Foundation/resources/server.php(23): require_once('D://Teknologi Re...')
#39 {main}
"} 
[2026-03-16 09:16:19] local.ERROR: SQLSTATE[42S21]: Column already exists: 1060 Duplicate column name 'created_at' (Connection: mysql, Host: 127.0.0.1, Port: 3306, Database: sheena_db, SQL: create table `product_listings` (`id_listing` bigint unsigned not null auto_increment primary key, `created_at` timestamp null, `updated_at` timestamp null, `id_product` bigint unsigned not null, `id_connection` bigint unsigned not null, `channel_product_id` varchar(255) null, `variant_id` varchar(255) null, `variant_name` varchar(255) null, `channel_sku` varchar(255) null, `price` decimal(15, 2) not null default '0', `stock` int not null default '0', `product_url` varchar(255) null, `listing_status` varchar(50) not null default 'active', `created_at` timestamp null, `updated_at` timestamp null) default character set utf8mb4 collate 'utf8mb4_unicode_ci') {"exception":"[object] (Illuminate\\Database\\QueryException(code: 42S21): SQLSTATE[42S21]: Column already exists: 1060 Duplicate column name 'created_at' (Connection: mysql, Host: 127.0.0.1, Port: 3306, Database: sheena_db, SQL: create table `product_listings` (`id_listing` bigint unsigned not null auto_increment primary key, `created_at` timestamp null, `updated_at` timestamp null, `id_product` bigint unsigned not null, `id_connection` bigint unsigned not null, `channel_product_id` varchar(255) null, `variant_id` varchar(255) null, `variant_name` varchar(255) null, `channel_sku` varchar(255) null, `price` decimal(15, 2) not null default '0', `stock` int not null default '0', `product_url` varchar(255) null, `listing_status` varchar(50) not null default 'active', `created_at` timestamp null, `updated_at` timestamp null) default character set utf8mb4 collate 'utf8mb4_unicode_ci') at D:/Teknologi Rekayasa Perangkat Lunak/Semester 6/Proyek Pengembangan Perangkat Lunak/Project/webcode/sheena-backend/vendor/laravel/framework/src/Illuminate/Database/Connection.php:838)
[stacktrace]
#0 D:/Teknologi Rekayasa Perangkat Lunak/Semester 6/Proyek Pengembangan Perangkat Lunak/Project/webcode/sheena-backend/vendor/laravel/framework/src/Illuminate/Database/Connection.php(794): Illuminate/Database/Connection->runQueryCallback('create table `p...', Array, Object(Closure))
#1 D:/Teknologi Rekayasa Perangkat Lunak/Semester 6/Proyek Pengembangan Perangkat Lunak/Project/webcode/sheena-backend/vendor/laravel/framework/src/Illuminate/Database/Connection.php(573): Illuminate/Database/Connection->run('create table `p...', Array, Object(Closure))
#2 D:/Teknologi Rekayasa Perangkat Lunak/Semester 6/Proyek Pengembangan Perangkat Lunak/Project/webcode/sheena-backend/vendor/laravel/framework/src/Illuminate/Database/Schema/Blueprint.php(121): Illuminate/Database/Connection->statement('create table `p...')
#3 D:/Teknologi Rekayasa Perangkat Lunak/Semester 6/Proyek Pengembangan Perangkat Lunak/Project/webcode/sheena-backend/vendor/laravel/framework/src/Illuminate/Database/Schema/Builder.php(686): Illuminate/Database/Schema/Blueprint->build()
#4 D:/Teknologi Rekayasa Perangkat Lunak/Semester 6/Proyek Pengembangan Perangkat Lunak/Project/webcode/sheena-backend/vendor/laravel/framework/src/Illuminate/Database/Schema/Builder.php(506): Illuminate/Database/Schema/Builder->build(Object(Illuminate/Database/Schema/Blueprint))
#5 D:/Teknologi Rekayasa Perangkat Lunak/Semester 6/Proyek Pengembangan Perangkat Lunak/Project/webcode/sheena-backend/vendor/laravel/framework/src/Illuminate/Support/Facades/Facade.php(363): Illuminate/Database/Schema/Builder->create('product_listing...', Object(Closure))
#6 D:/Teknologi Rekayasa Perangkat Lunak/Semester 6/Proyek Pengembangan Perangkat Lunak/Project/webcode/sheena-backend/database/migrations/2026_03_16_091029_create_product_listings_table.php(14): Illuminate/Support/Facades/Facade::__callStatic('create', Array)
#7 D:/Teknologi Rekayasa Perangkat Lunak/Semester 6/Proyek Pengembangan Perangkat Lunak/Project/webcode/sheena-backend/vendor/laravel/framework/src/Illuminate/Database/Migrations/Migrator.php(517): Illuminate/Database/Migrations/Migration@anonymous->up()
#8 D:/Teknologi Rekayasa Perangkat Lunak/Semester 6/Proyek Pengembangan Perangkat Lunak/Project/webcode/sheena-backend/vendor/laravel/framework/src/Illuminate/Database/Migrations/Migrator.php(442): Illuminate/Database/Migrations/Migrator->runMethod(Object(Illuminate/Database/MySqlConnection), Object(Illuminate/Database/Migrations/Migration@anonymous), 'up')
#9 D:/Teknologi Rekayasa Perangkat Lunak/Semester 6/Proyek Pengembangan Perangkat Lunak/Project/webcode/sheena-backend/vendor/laravel/framework/src/Illuminate/Database/Migrations/Migrator.php(451): Illuminate/Database/Migrations/Migrator->Illuminate/Database/Migrations/{closure}()
#10 D:/Teknologi Rekayasa Perangkat Lunak/Semester 6/Proyek Pengembangan Perangkat Lunak/Project/webcode/sheena-backend/vendor/laravel/framework/src/Illuminate/Database/Migrations/Migrator.php(253): Illuminate/Database/Migrations/Migrator->runMigration(Object(Illuminate/Database/Migrations/Migration@anonymous), 'up')
#11 D:/Teknologi Rekayasa Perangkat Lunak/Semester 6/Proyek Pengembangan Perangkat Lunak/Project/webcode/sheena-backend/vendor/laravel/framework/src/Illuminate/Console/View/Components/Task.php(41): Illuminate/Database/Migrations/Migrator->Illuminate/Database/Migrations/{closure}()
#12 D:/Teknologi Rekayasa Perangkat Lunak/Semester 6/Proyek Pengembangan Perangkat Lunak/Project/webcode/sheena-backend/vendor/laravel/framework/src/Illuminate/Database/Migrations/Migrator.php(814): Illuminate/Console/View/Components/Task->render('2026_03_16_0910...', Object(Closure))
#13 D:/Teknologi Rekayasa Perangkat Lunak/Semester 6/Proyek Pengembangan Perangkat Lunak/Project/webcode/sheena-backend/vendor/laravel/framework/src/Illuminate/Database/Migrations/Migrator.php(253): Illuminate/Database/Migrations/Migrator->write('Illuminate//Cons...', '2026_03_16_0910...', Object(Closure))
#14 D:/Teknologi Rekayasa Perangkat Lunak/Semester 6/Proyek Pengembangan Perangkat Lunak/Project/webcode/sheena-backend/vendor/laravel/framework/src/Illuminate/Database/Migrations/Migrator.php(211): Illuminate/Database/Migrations/Migrator->runUp('D://Teknologi Re...', 8, false)
#15 D:/Teknologi Rekayasa Perangkat Lunak/Semester 6/Proyek Pengembangan Perangkat Lunak/Project/webcode/sheena-backend/vendor/laravel/framework/src/Illuminate/Database/Migrations/Migrator.php(138): Illuminate/Database/Migrations/Migrator->runPending(Array, Array)
#16 D:/Teknologi Rekayasa Perangkat Lunak/Semester 6/Proyek Pengembangan Perangkat Lunak/Project/webcode/sheena-backend/vendor/laravel/framework/src/Illuminate/Database/Console/Migrations/MigrateCommand.php(116): Illuminate/Database/Migrations/Migrator->run(Array, Array)
#17 D:/Teknologi Rekayasa Perangkat Lunak/Semester 6/Proyek Pengembangan Perangkat Lunak/Project/webcode/sheena-backend/vendor/laravel/framework/src/Illuminate/Database/Migrations/Migrator.php(671): Illuminate/Database/Console/Migrations/MigrateCommand->Illuminate/Database/Console/Migrations/{closure}()
#18 D:/Teknologi Rekayasa Perangkat Lunak/Semester 6/Proyek Pengembangan Perangkat Lunak/Project/webcode/sheena-backend/vendor/laravel/framework/src/Illuminate/Database/Console/Migrations/MigrateCommand.php(109): Illuminate/Database/Migrations/Migrator->usingConnection(NULL, Object(Closure))
#19 D:/Teknologi Rekayasa Perangkat Lunak/Semester 6/Proyek Pengembangan Perangkat Lunak/Project/webcode/sheena-backend/vendor/laravel/framework/src/Illuminate/Database/Console/Migrations/MigrateCommand.php(88): Illuminate/Database/Console/Migrations/MigrateCommand->runMigrations()
#20 D:/Teknologi Rekayasa Perangkat Lunak/Semester 6/Proyek Pengembangan Perangkat Lunak/Project/webcode/sheena-backend/vendor/laravel/framework/src/Illuminate/Container/BoundMethod.php(36): Illuminate/Database/Console/Migrations/MigrateCommand->handle()
#21 D:/Teknologi Rekayasa Perangkat Lunak/Semester 6/Proyek Pengembangan Perangkat Lunak/Project/webcode/sheena-backend/vendor/laravel/framework/src/Illuminate/Container/Util.php(43): Illuminate/Container/BoundMethod::Illuminate/Container/{closure}()
#22 D:/Teknologi Rekayasa Perangkat Lunak/Semester 6/Proyek Pengembangan Perangkat Lunak/Project/webcode/sheena-backend/vendor/laravel/framework/src/Illuminate/Container/BoundMethod.php(96): Illuminate/Container/Util::unwrapIfClosure(Object(Closure))
#23 D:/Teknologi Rekayasa Perangkat Lunak/Semester 6/Proyek Pengembangan Perangkat Lunak/Project/webcode/sheena-backend/vendor/laravel/framework/src/Illuminate/Container/BoundMethod.php(35): Illuminate/Container/BoundMethod::callBoundMethod(Object(Illuminate/Foundation/Application), Array, Object(Closure))
#24 D:/Teknologi Rekayasa Perangkat Lunak/Semester 6/Proyek Pengembangan Perangkat Lunak/Project/webcode/sheena-backend/vendor/laravel/framework/src/Illuminate/Container/Container.php(799): Illuminate/Container/BoundMethod::call(Object(Illuminate/Foundation/Application), Array, Array, NULL)
#25 D:/Teknologi Rekayasa Perangkat Lunak/Semester 6/Proyek Pengembangan Perangkat Lunak/Project/webcode/sheena-backend/vendor/laravel/framework/src/Illuminate/Console/Command.php(211): Illuminate/Container/Container->call(Array)
#26 D:/Teknologi Rekayasa Perangkat Lunak/Semester 6/Proyek Pengembangan Perangkat Lunak/Project/webcode/sheena-backend/vendor/symfony/console/Command/Command.php(341): Illuminate/Console/Command->execute(Object(Symfony/Component/Console/Input/ArgvInput), Object(Illuminate/Console/OutputStyle))
#27 D:/Teknologi Rekayasa Perangkat Lunak/Semester 6/Proyek Pengembangan Perangkat Lunak/Project/webcode/sheena-backend/vendor/laravel/framework/src/Illuminate/Console/Command.php(180): Symfony/Component/Console/Command/Command->run(Object(Symfony/Component/Console/Input/ArgvInput), Object(Illuminate/Console/OutputStyle))
#28 D:/Teknologi Rekayasa Perangkat Lunak/Semester 6/Proyek Pengembangan Perangkat Lunak/Project/webcode/sheena-backend/vendor/symfony/console/Application.php(1117): Illuminate/Console/Command->run(Object(Symfony/Component/Console/Input/ArgvInput), Object(Symfony/Component/Console/Output/ConsoleOutput))
#29 D:/Teknologi Rekayasa Perangkat Lunak/Semester 6/Proyek Pengembangan Perangkat Lunak/Project/webcode/sheena-backend/vendor/symfony/console/Application.php(356): Symfony/Component/Console/Application->doRunCommand(Object(Illuminate/Database/Console/Migrations/MigrateCommand), Object(Symfony/Component/Console/Input/ArgvInput), Object(Symfony/Component/Console/Output/ConsoleOutput))
#30 D:/Teknologi Rekayasa Perangkat Lunak/Semester 6/Proyek Pengembangan Perangkat Lunak/Project/webcode/sheena-backend/vendor/symfony/console/Application.php(195): Symfony/Component/Console/Application->doRun(Object(Symfony/Component/Console/Input/ArgvInput), Object(Symfony/Component/Console/Output/ConsoleOutput))
#31 D:/Teknologi Rekayasa Perangkat Lunak/Semester 6/Proyek Pengembangan Perangkat Lunak/Project/webcode/sheena-backend/vendor/laravel/framework/src/Illuminate/Foundation/Console/Kernel.php(198): Symfony/Component/Console/Application->run(Object(Symfony/Component/Console/Input/ArgvInput), Object(Symfony/Component/Console/Output/ConsoleOutput))
#32 D:/Teknologi Rekayasa Perangkat Lunak/Semester 6/Proyek Pengembangan Perangkat Lunak/Project/webcode/sheena-backend/vendor/laravel/framework/src/Illuminate/Foundation/Application.php(1235): Illuminate/Foundation/Console/Kernel->handle(Object(Symfony/Component/Console/Input/ArgvInput), Object(Symfony/Component/Console/Output/ConsoleOutput))
#33 D:/Teknologi Rekayasa Perangkat Lunak/Semester 6/Proyek Pengembangan Perangkat Lunak/Project/webcode/sheena-backend/artisan(16): Illuminate/Foundation/Application->handleCommand(Object(Symfony/Component/Console/Input/ArgvInput))
#34 {main}

[previous exception] [object] (PDOException(code: 42S21): SQLSTATE[42S21]: Column already exists: 1060 Duplicate column name 'created_at' at D:/Teknologi Rekayasa Perangkat Lunak/Semester 6/Proyek Pengembangan Perangkat Lunak/Project/webcode/sheena-backend/vendor/laravel/framework/src/Illuminate/Database/Connection.php:584)
[stacktrace]
#0 D:/Teknologi Rekayasa Perangkat Lunak/Semester 6/Proyek Pengembangan Perangkat Lunak/Project/webcode/sheena-backend/vendor/laravel/framework/src/Illuminate/Database/Connection.php(584): PDOStatement->execute()
#1 D:/Teknologi Rekayasa Perangkat Lunak/Semester 6/Proyek Pengembangan Perangkat Lunak/Project/webcode/sheena-backend/vendor/laravel/framework/src/Illuminate/Database/Connection.php(827): Illuminate/Database/Connection->Illuminate/Database/{closure}('create table `p...', Array)
#2 D:/Teknologi Rekayasa Perangkat Lunak/Semester 6/Proyek Pengembangan Perangkat Lunak/Project/webcode/sheena-backend/vendor/laravel/framework/src/Illuminate/Database/Connection.php(794): Illuminate/Database/Connection->runQueryCallback('create table `p...', Array, Object(Closure))
#3 D:/Teknologi Rekayasa Perangkat Lunak/Semester 6/Proyek Pengembangan Perangkat Lunak/Project/webcode/sheena-backend/vendor/laravel/framework/src/Illuminate/Database/Connection.php(573): Illuminate/Database/Connection->run('create table `p...', Array, Object(Closure))
#4 D:/Teknologi Rekayasa Perangkat Lunak/Semester 6/Proyek Pengembangan Perangkat Lunak/Project/webcode/sheena-backend/vendor/laravel/framework/src/Illuminate/Database/Schema/Blueprint.php(121): Illuminate/Database/Connection->statement('create table `p...')
#5 D:/Teknologi Rekayasa Perangkat Lunak/Semester 6/Proyek Pengembangan Perangkat Lunak/Project/webcode/sheena-backend/vendor/laravel/framework/src/Illuminate/Database/Schema/Builder.php(686): Illuminate/Database/Schema/Blueprint->build()
#6 D:/Teknologi Rekayasa Perangkat Lunak/Semester 6/Proyek Pengembangan Perangkat Lunak/Project/webcode/sheena-backend/vendor/laravel/framework/src/Illuminate/Database/Schema/Builder.php(506): Illuminate/Database/Schema/Builder->build(Object(Illuminate/Database/Schema/Blueprint))
#7 D:/Teknologi Rekayasa Perangkat Lunak/Semester 6/Proyek Pengembangan Perangkat Lunak/Project/webcode/sheena-backend/vendor/laravel/framework/src/Illuminate/Support/Facades/Facade.php(363): Illuminate/Database/Schema/Builder->create('product_listing...', Object(Closure))
#8 D:/Teknologi Rekayasa Perangkat Lunak/Semester 6/Proyek Pengembangan Perangkat Lunak/Project/webcode/sheena-backend/database/migrations/2026_03_16_091029_create_product_listings_table.php(14): Illuminate/Support/Facades/Facade::__callStatic('create', Array)
#9 D:/Teknologi Rekayasa Perangkat Lunak/Semester 6/Proyek Pengembangan Perangkat Lunak/Project/webcode/sheena-backend/vendor/laravel/framework/src/Illuminate/Database/Migrations/Migrator.php(517): Illuminate/Database/Migrations/Migration@anonymous->up()
#10 D:/Teknologi Rekayasa Perangkat Lunak/Semester 6/Proyek Pengembangan Perangkat Lunak/Project/webcode/sheena-backend/vendor/laravel/framework/src/Illuminate/Database/Migrations/Migrator.php(442): Illuminate/Database/Migrations/Migrator->runMethod(Object(Illuminate/Database/MySqlConnection), Object(Illuminate/Database/Migrations/Migration@anonymous), 'up')
#11 D:/Teknologi Rekayasa Perangkat Lunak/Semester 6/Proyek Pengembangan Perangkat Lunak/Project/webcode/sheena-backend/vendor/laravel/framework/src/Illuminate/Database/Migrations/Migrator.php(451): Illuminate/Database/Migrations/Migrator->Illuminate/Database/Migrations/{closure}()
#12 D:/Teknologi Rekayasa Perangkat Lunak/Semester 6/Proyek Pengembangan Perangkat Lunak/Project/webcode/sheena-backend/vendor/laravel/framework/src/Illuminate/Database/Migrations/Migrator.php(253): Illuminate/Database/Migrations/Migrator->runMigration(Object(Illuminate/Database/Migrations/Migration@anonymous), 'up')
#13 D:/Teknologi Rekayasa Perangkat Lunak/Semester 6/Proyek Pengembangan Perangkat Lunak/Project/webcode/sheena-backend/vendor/laravel/framework/src/Illuminate/Console/View/Components/Task.php(41): Illuminate/Database/Migrations/Migrator->Illuminate/Database/Migrations/{closure}()
#14 D:/Teknologi Rekayasa Perangkat Lunak/Semester 6/Proyek Pengembangan Perangkat Lunak/Project/webcode/sheena-backend/vendor/laravel/framework/src/Illuminate/Database/Migrations/Migrator.php(814): Illuminate/Console/View/Components/Task->render('2026_03_16_0910...', Object(Closure))
#15 D:/Teknologi Rekayasa Perangkat Lunak/Semester 6/Proyek Pengembangan Perangkat Lunak/Project/webcode/sheena-backend/vendor/laravel/framework/src/Illuminate/Database/Migrations/Migrator.php(253): Illuminate/Database/Migrations/Migrator->write('Illuminate//Cons...', '2026_03_16_0910...', Object(Closure))
#16 D:/Teknologi Rekayasa Perangkat Lunak/Semester 6/Proyek Pengembangan Perangkat Lunak/Project/webcode/sheena-backend/vendor/laravel/framework/src/Illuminate/Database/Migrations/Migrator.php(211): Illuminate/Database/Migrations/Migrator->runUp('D://Teknologi Re...', 8, false)
#17 D:/Teknologi Rekayasa Perangkat Lunak/Semester 6/Proyek Pengembangan Perangkat Lunak/Project/webcode/sheena-backend/vendor/laravel/framework/src/Illuminate/Database/Migrations/Migrator.php(138): Illuminate/Database/Migrations/Migrator->runPending(Array, Array)
#18 D:/Teknologi Rekayasa Perangkat Lunak/Semester 6/Proyek Pengembangan Perangkat Lunak/Project/webcode/sheena-backend/vendor/laravel/framework/src/Illuminate/Database/Console/Migrations/MigrateCommand.php(116): Illuminate/Database/Migrations/Migrator->run(Array, Array)
#19 D:/Teknologi Rekayasa Perangkat Lunak/Semester 6/Proyek Pengembangan Perangkat Lunak/Project/webcode/sheena-backend/vendor/laravel/framework/src/Illuminate/Database/Migrations/Migrator.php(671): Illuminate/Database/Console/Migrations/MigrateCommand->Illuminate/Database/Console/Migrations/{closure}()
#20 D:/Teknologi Rekayasa Perangkat Lunak/Semester 6/Proyek Pengembangan Perangkat Lunak/Project/webcode/sheena-backend/vendor/laravel/framework/src/Illuminate/Database/Console/Migrations/MigrateCommand.php(109): Illuminate/Database/Migrations/Migrator->usingConnection(NULL, Object(Closure))
#21 D:/Teknologi Rekayasa Perangkat Lunak/Semester 6/Proyek Pengembangan Perangkat Lunak/Project/webcode/sheena-backend/vendor/laravel/framework/src/Illuminate/Database/Console/Migrations/MigrateCommand.php(88): Illuminate/Database/Console/Migrations/MigrateCommand->runMigrations()
#22 D:/Teknologi Rekayasa Perangkat Lunak/Semester 6/Proyek Pengembangan Perangkat Lunak/Project/webcode/sheena-backend/vendor/laravel/framework/src/Illuminate/Container/BoundMethod.php(36): Illuminate/Database/Console/Migrations/MigrateCommand->handle()
#23 D:/Teknologi Rekayasa Perangkat Lunak/Semester 6/Proyek Pengembangan Perangkat Lunak/Project/webcode/sheena-backend/vendor/laravel/framework/src/Illuminate/Container/Util.php(43): Illuminate/Container/BoundMethod::Illuminate/Container/{closure}()
#24 D:/Teknologi Rekayasa Perangkat Lunak/Semester 6/Proyek Pengembangan Perangkat Lunak/Project/webcode/sheena-backend/vendor/laravel/framework/src/Illuminate/Container/BoundMethod.php(96): Illuminate/Container/Util::unwrapIfClosure(Object(Closure))
#25 D:/Teknologi Rekayasa Perangkat Lunak/Semester 6/Proyek Pengembangan Perangkat Lunak/Project/webcode/sheena-backend/vendor/laravel/framework/src/Illuminate/Container/BoundMethod.php(35): Illuminate/Container/BoundMethod::callBoundMethod(Object(Illuminate/Foundation/Application), Array, Object(Closure))
#26 D:/Teknologi Rekayasa Perangkat Lunak/Semester 6/Proyek Pengembangan Perangkat Lunak/Project/webcode/sheena-backend/vendor/laravel/framework/src/Illuminate/Container/Container.php(799): Illuminate/Container/BoundMethod::call(Object(Illuminate/Foundation/Application), Array, Array, NULL)
#27 D:/Teknologi Rekayasa Perangkat Lunak/Semester 6/Proyek Pengembangan Perangkat Lunak/Project/webcode/sheena-backend/vendor/laravel/framework/src/Illuminate/Console/Command.php(211): Illuminate/Container/Container->call(Array)
#28 D:/Teknologi Rekayasa Perangkat Lunak/Semester 6/Proyek Pengembangan Perangkat Lunak/Project/webcode/sheena-backend/vendor/symfony/console/Command/Command.php(341): Illuminate/Console/Command->execute(Object(Symfony/Component/Console/Input/ArgvInput), Object(Illuminate/Console/OutputStyle))
#29 D:/Teknologi Rekayasa Perangkat Lunak/Semester 6/Proyek Pengembangan Perangkat Lunak/Project/webcode/sheena-backend/vendor/laravel/framework/src/Illuminate/Console/Command.php(180): Symfony/Component/Console/Command/Command->run(Object(Symfony/Component/Console/Input/ArgvInput), Object(Illuminate/Console/OutputStyle))
#30 D:/Teknologi Rekayasa Perangkat Lunak/Semester 6/Proyek Pengembangan Perangkat Lunak/Project/webcode/sheena-backend/vendor/symfony/console/Application.php(1117): Illuminate/Console/Command->run(Object(Symfony/Component/Console/Input/ArgvInput), Object(Symfony/Component/Console/Output/ConsoleOutput))
#31 D:/Teknologi Rekayasa Perangkat Lunak/Semester 6/Proyek Pengembangan Perangkat Lunak/Project/webcode/sheena-backend/vendor/symfony/console/Application.php(356): Symfony/Component/Console/Application->doRunCommand(Object(Illuminate/Database/Console/Migrations/MigrateCommand), Object(Symfony/Component/Console/Input/ArgvInput), Object(Symfony/Component/Console/Output/ConsoleOutput))
#32 D:/Teknologi Rekayasa Perangkat Lunak/Semester 6/Proyek Pengembangan Perangkat Lunak/Project/webcode/sheena-backend/vendor/symfony/console/Application.php(195): Symfony/Component/Console/Application->doRun(Object(Symfony/Component/Console/Input/ArgvInput), Object(Symfony/Component/Console/Output/ConsoleOutput))
#33 D:/Teknologi Rekayasa Perangkat Lunak/Semester 6/Proyek Pengembangan Perangkat Lunak/Project/webcode/sheena-backend/vendor/laravel/framework/src/Illuminate/Foundation/Console/Kernel.php(198): Symfony/Component/Console/Application->run(Object(Symfony/Component/Console/Input/ArgvInput), Object(Symfony/Component/Console/Output/ConsoleOutput))
#34 D:/Teknologi Rekayasa Perangkat Lunak/Semester 6/Proyek Pengembangan Perangkat Lunak/Project/webcode/sheena-backend/vendor/laravel/framework/src/Illuminate/Foundation/Application.php(1235): Illuminate/Foundation/Console/Kernel->handle(Object(Symfony/Component/Console/Input/ArgvInput), Object(Symfony/Component/Console/Output/ConsoleOutput))
#35 D:/Teknologi Rekayasa Perangkat Lunak/Semester 6/Proyek Pengembangan Perangkat Lunak/Project/webcode/sheena-backend/artisan(16): Illuminate/Foundation/Application->handleCommand(Object(Symfony/Component/Console/Input/ArgvInput))
#36 {main}
"} 
[2026-03-16 15:41:05] local.ERROR: Class "App\Http\Controllers\Api\Product" not found {"exception":"[object] (Error(code: 0): Class \"App\\Http\\Controllers\\Api\\Product\" not found at D:/Teknologi Rekayasa Perangkat Lunak/Semester 6/Proyek Pengembangan Perangkat Lunak/Project/webcode/sheena-backend/app/Http/Controllers/Api/ProductController.php:12)
[stacktrace]
#0 D:/Teknologi Rekayasa Perangkat Lunak/Semester 6/Proyek Pengembangan Perangkat Lunak/Project/webcode/sheena-backend/vendor/laravel/framework/src/Illuminate/Routing/ControllerDispatcher.php(46): App/Http/Controllers/Api/ProductController->index()
#1 D:/Teknologi Rekayasa Perangkat Lunak/Semester 6/Proyek Pengembangan Perangkat Lunak/Project/webcode/sheena-backend/vendor/laravel/framework/src/Illuminate/Routing/Route.php(265): Illuminate/Routing/ControllerDispatcher->dispatch(Object(Illuminate/Routing/Route), Object(App/Http/Controllers/Api/ProductController), 'index')
#2 D:/Teknologi Rekayasa Perangkat Lunak/Semester 6/Proyek Pengembangan Perangkat Lunak/Project/webcode/sheena-backend/vendor/laravel/framework/src/Illuminate/Routing/Route.php(211): Illuminate/Routing/Route->runController()
#3 D:/Teknologi Rekayasa Perangkat Lunak/Semester 6/Proyek Pengembangan Perangkat Lunak/Project/webcode/sheena-backend/vendor/laravel/framework/src/Illuminate/Routing/Router.php(822): Illuminate/Routing/Route->run()
#4 D:/Teknologi Rekayasa Perangkat Lunak/Semester 6/Proyek Pengembangan Perangkat Lunak/Project/webcode/sheena-backend/vendor/laravel/framework/src/Illuminate/Pipeline/Pipeline.php(180): Illuminate/Routing/Router->Illuminate/Routing/{closure}(Object(Illuminate/Http/Request))
#5 D:/Teknologi Rekayasa Perangkat Lunak/Semester 6/Proyek Pengembangan Perangkat Lunak/Project/webcode/sheena-backend/vendor/laravel/framework/src/Illuminate/Routing/Middleware/SubstituteBindings.php(50): Illuminate/Pipeline/Pipeline->Illuminate/Pipeline/{closure}(Object(Illuminate/Http/Request))
#6 D:/Teknologi Rekayasa Perangkat Lunak/Semester 6/Proyek Pengembangan Perangkat Lunak/Project/webcode/sheena-backend/vendor/laravel/framework/src/Illuminate/Pipeline/Pipeline.php(219): Illuminate/Routing/Middleware/SubstituteBindings->handle(Object(Illuminate/Http/Request), Object(Closure))
#7 D:/Teknologi Rekayasa Perangkat Lunak/Semester 6/Proyek Pengembangan Perangkat Lunak/Project/webcode/sheena-backend/vendor/laravel/framework/src/Illuminate/Pipeline/Pipeline.php(137): Illuminate/Pipeline/Pipeline->Illuminate/Pipeline/{closure}(Object(Illuminate/Http/Request))
#8 D:/Teknologi Rekayasa Perangkat Lunak/Semester 6/Proyek Pengembangan Perangkat Lunak/Project/webcode/sheena-backend/vendor/laravel/framework/src/Illuminate/Routing/Router.php(821): Illuminate/Pipeline/Pipeline->then(Object(Closure))
#9 D:/Teknologi Rekayasa Perangkat Lunak/Semester 6/Proyek Pengembangan Perangkat Lunak/Project/webcode/sheena-backend/vendor/laravel/framework/src/Illuminate/Routing/Router.php(800): Illuminate/Routing/Router->runRouteWithinStack(Object(Illuminate/Routing/Route), Object(Illuminate/Http/Request))
#10 D:/Teknologi Rekayasa Perangkat Lunak/Semester 6/Proyek Pengembangan Perangkat Lunak/Project/webcode/sheena-backend/vendor/laravel/framework/src/Illuminate/Routing/Router.php(764): Illuminate/Routing/Router->runRoute(Object(Illuminate/Http/Request), Object(Illuminate/Routing/Route))
#11 D:/Teknologi Rekayasa Perangkat Lunak/Semester 6/Proyek Pengembangan Perangkat Lunak/Project/webcode/sheena-backend/vendor/laravel/framework/src/Illuminate/Routing/Router.php(753): Illuminate/Routing/Router->dispatchToRoute(Object(Illuminate/Http/Request))
#12 D:/Teknologi Rekayasa Perangkat Lunak/Semester 6/Proyek Pengembangan Perangkat Lunak/Project/webcode/sheena-backend/vendor/laravel/framework/src/Illuminate/Foundation/Http/Kernel.php(200): Illuminate/Routing/Router->dispatch(Object(Illuminate/Http/Request))
#13 D:/Teknologi Rekayasa Perangkat Lunak/Semester 6/Proyek Pengembangan Perangkat Lunak/Project/webcode/sheena-backend/vendor/laravel/framework/src/Illuminate/Pipeline/Pipeline.php(180): Illuminate/Foundation/Http/Kernel->Illuminate/Foundation/Http/{closure}(Object(Illuminate/Http/Request))
#14 D:/Teknologi Rekayasa Perangkat Lunak/Semester 6/Proyek Pengembangan Perangkat Lunak/Project/webcode/sheena-backend/vendor/laravel/framework/src/Illuminate/Foundation/Http/Middleware/TransformsRequest.php(21): Illuminate/Pipeline/Pipeline->Illuminate/Pipeline/{closure}(Object(Illuminate/Http/Request))
#15 D:/Teknologi Rekayasa Perangkat Lunak/Semester 6/Proyek Pengembangan Perangkat Lunak/Project/webcode/sheena-backend/vendor/laravel/framework/src/Illuminate/Foundation/Http/Middleware/ConvertEmptyStringsToNull.php(31): Illuminate/Foundation/Http/Middleware/TransformsRequest->handle(Object(Illuminate/Http/Request), Object(Closure))
#16 D:/Teknologi Rekayasa Perangkat Lunak/Semester 6/Proyek Pengembangan Perangkat Lunak/Project/webcode/sheena-backend/vendor/laravel/framework/src/Illuminate/Pipeline/Pipeline.php(219): Illuminate/Foundation/Http/Middleware/ConvertEmptyStringsToNull->handle(Object(Illuminate/Http/Request), Object(Closure))
#17 D:/Teknologi Rekayasa Perangkat Lunak/Semester 6/Proyek Pengembangan Perangkat Lunak/Project/webcode/sheena-backend/vendor/laravel/framework/src/Illuminate/Foundation/Http/Middleware/TransformsRequest.php(21): Illuminate/Pipeline/Pipeline->Illuminate/Pipeline/{closure}(Object(Illuminate/Http/Request))
#18 D:/Teknologi Rekayasa Perangkat Lunak/Semester 6/Proyek Pengembangan Perangkat Lunak/Project/webcode/sheena-backend/vendor/laravel/framework/src/Illuminate/Foundation/Http/Middleware/TrimStrings.php(51): Illuminate/Foundation/Http/Middleware/TransformsRequest->handle(Object(Illuminate/Http/Request), Object(Closure))
#19 D:/Teknologi Rekayasa Perangkat Lunak/Semester 6/Proyek Pengembangan Perangkat Lunak/Project/webcode/sheena-backend/vendor/laravel/framework/src/Illuminate/Pipeline/Pipeline.php(219): Illuminate/Foundation/Http/Middleware/TrimStrings->handle(Object(Illuminate/Http/Request), Object(Closure))
#20 D:/Teknologi Rekayasa Perangkat Lunak/Semester 6/Proyek Pengembangan Perangkat Lunak/Project/webcode/sheena-backend/vendor/laravel/framework/src/Illuminate/Http/Middleware/ValidatePostSize.php(27): Illuminate/Pipeline/Pipeline->Illuminate/Pipeline/{closure}(Object(Illuminate/Http/Request))
#21 D:/Teknologi Rekayasa Perangkat Lunak/Semester 6/Proyek Pengembangan Perangkat Lunak/Project/webcode/sheena-backend/vendor/laravel/framework/src/Illuminate/Pipeline/Pipeline.php(219): Illuminate/Http/Middleware/ValidatePostSize->handle(Object(Illuminate/Http/Request), Object(Closure))
#22 D:/Teknologi Rekayasa Perangkat Lunak/Semester 6/Proyek Pengembangan Perangkat Lunak/Project/webcode/sheena-backend/vendor/laravel/framework/src/Illuminate/Foundation/Http/Middleware/PreventRequestsDuringMaintenance.php(109): Illuminate/Pipeline/Pipeline->Illuminate/Pipeline/{closure}(Object(Illuminate/Http/Request))
#23 D:/Teknologi Rekayasa Perangkat Lunak/Semester 6/Proyek Pengembangan Perangkat Lunak/Project/webcode/sheena-backend/vendor/laravel/framework/src/Illuminate/Pipeline/Pipeline.php(219): Illuminate/Foundation/Http/Middleware/PreventRequestsDuringMaintenance->handle(Object(Illuminate/Http/Request), Object(Closure))
#24 D:/Teknologi Rekayasa Perangkat Lunak/Semester 6/Proyek Pengembangan Perangkat Lunak/Project/webcode/sheena-backend/vendor/laravel/framework/src/Illuminate/Http/Middleware/HandleCors.php(74): Illuminate/Pipeline/Pipeline->Illuminate/Pipeline/{closure}(Object(Illuminate/Http/Request))
#25 D:/Teknologi Rekayasa Perangkat Lunak/Semester 6/Proyek Pengembangan Perangkat Lunak/Project/webcode/sheena-backend/vendor/laravel/framework/src/Illuminate/Pipeline/Pipeline.php(219): Illuminate/Http/Middleware/HandleCors->handle(Object(Illuminate/Http/Request), Object(Closure))
#26 D:/Teknologi Rekayasa Perangkat Lunak/Semester 6/Proyek Pengembangan Perangkat Lunak/Project/webcode/sheena-backend/vendor/laravel/framework/src/Illuminate/Http/Middleware/TrustProxies.php(58): Illuminate/Pipeline/Pipeline->Illuminate/Pipeline/{closure}(Object(Illuminate/Http/Request))
#27 D:/Teknologi Rekayasa Perangkat Lunak/Semester 6/Proyek Pengembangan Perangkat Lunak/Project/webcode/sheena-backend/vendor/laravel/framework/src/Illuminate/Pipeline/Pipeline.php(219): Illuminate/Http/Middleware/TrustProxies->handle(Object(Illuminate/Http/Request), Object(Closure))
#28 D:/Teknologi Rekayasa Perangkat Lunak/Semester 6/Proyek Pengembangan Perangkat Lunak/Project/webcode/sheena-backend/vendor/laravel/framework/src/Illuminate/Foundation/Http/Middleware/InvokeDeferredCallbacks.php(22): Illuminate/Pipeline/Pipeline->Illuminate/Pipeline/{closure}(Object(Illuminate/Http/Request))
#29 D:/Teknologi Rekayasa Perangkat Lunak/Semester 6/Proyek Pengembangan Perangkat Lunak/Project/webcode/sheena-backend/vendor/laravel/framework/src/Illuminate/Pipeline/Pipeline.php(219): Illuminate/Foundation/Http/Middleware/InvokeDeferredCallbacks->handle(Object(Illuminate/Http/Request), Object(Closure))
#30 D:/Teknologi Rekayasa Perangkat Lunak/Semester 6/Proyek Pengembangan Perangkat Lunak/Project/webcode/sheena-backend/vendor/laravel/framework/src/Illuminate/Http/Middleware/ValidatePathEncoding.php(26): Illuminate/Pipeline/Pipeline->Illuminate/Pipeline/{closure}(Object(Illuminate/Http/Request))
#31 D:/Teknologi Rekayasa Perangkat Lunak/Semester 6/Proyek Pengembangan Perangkat Lunak/Project/webcode/sheena-backend/vendor/laravel/framework/src/Illuminate/Pipeline/Pipeline.php(219): Illuminate/Http/Middleware/ValidatePathEncoding->handle(Object(Illuminate/Http/Request), Object(Closure))
#32 D:/Teknologi Rekayasa Perangkat Lunak/Semester 6/Proyek Pengembangan Perangkat Lunak/Project/webcode/sheena-backend/vendor/laravel/framework/src/Illuminate/Pipeline/Pipeline.php(137): Illuminate/Pipeline/Pipeline->Illuminate/Pipeline/{closure}(Object(Illuminate/Http/Request))
#33 D:/Teknologi Rekayasa Perangkat Lunak/Semester 6/Proyek Pengembangan Perangkat Lunak/Project/webcode/sheena-backend/vendor/laravel/framework/src/Illuminate/Foundation/Http/Kernel.php(175): Illuminate/Pipeline/Pipeline->then(Object(Closure))
#34 D:/Teknologi Rekayasa Perangkat Lunak/Semester 6/Proyek Pengembangan Perangkat Lunak/Project/webcode/sheena-backend/vendor/laravel/framework/src/Illuminate/Foundation/Http/Kernel.php(144): Illuminate/Foundation/Http/Kernel->sendRequestThroughRouter(Object(Illuminate/Http/Request))
#35 D:/Teknologi Rekayasa Perangkat Lunak/Semester 6/Proyek Pengembangan Perangkat Lunak/Project/webcode/sheena-backend/vendor/laravel/framework/src/Illuminate/Foundation/Application.php(1220): Illuminate/Foundation/Http/Kernel->handle(Object(Illuminate/Http/Request))
#36 D:/Teknologi Rekayasa Perangkat Lunak/Semester 6/Proyek Pengembangan Perangkat Lunak/Project/webcode/sheena-backend/public/index.php(20): Illuminate/Foundation/Application->handleRequest(Object(Illuminate/Http/Request))
#37 D:/Teknologi Rekayasa Perangkat Lunak/Semester 6/Proyek Pengembangan Perangkat Lunak/Project/webcode/sheena-backend/vendor/laravel/framework/src/Illuminate/Foundation/resources/server.php(23): require_once('D://Teknologi Re...')
#38 {main}
"} 
